Curriculum_ID,Institution_Type,Course_Name,Module_Name,Module_Description,Learning_Outcome,Skill_Name,Skill_Category,Skill_Level,Theory_Hours,Practical_Hours,Assessment_Method
CUR-001,Technical Training Center,Python Programming,JavaScript Module 1,Synthetic module covering concepts and practical applications of JavaScript.,Students will demonstrate competency in JavaScript through practical tasks.,JavaScript,Programming,Beginner,12,30,Written Exam
CUR-002,Technical Training Center,DevOps,Python Module 2,Synthetic module covering concepts and practical applications of Python.,Students will demonstrate competency in Python through practical tasks.,Python,Programming,Advanced,12,30,Viva
CUR-003,Technical Training Center,Web Development,Python Module 3,Synthetic module covering concepts and practical applications of Python.,Students will demonstrate competency in Python through practical tasks.,Python,Programming,Intermediate,10,30,Viva
CUR-004,TVET Institute,IT Support,Problem Solving Module 4,Synthetic module covering concepts and practical applications of Problem Solving.,Students will demonstrate competency in Problem Solving through practical tasks.,Problem Solving,Soft Skill,Advanced,15,25,Viva
CUR-005,Polytechnic Training Unit,Software Testing,Communication Module 5,Synthetic module covering concepts and practical applications of Communication.,Students will demonstrate competency in Communication through practical tasks.,Communication,Soft Skill,Beginner,12,15,Viva
CUR-006,Polytechnic Training Unit,IT Support,JavaScript Module 6,Synthetic module covering concepts and practical applications of JavaScript.,Students will demonstrate competency in JavaScript through practical tasks.,JavaScript,Programming,Advanced,10,25,Written Exam
CUR-007,Polytechnic Training Unit,Full Stack Development,Docker Module 7,Synthetic module covering concepts and practical applications of Docker.,Students will demonstrate competency in Docker through practical tasks.,Docker,DevOps,Beginner,12,30,Project
CUR-008,Technical Training Center,Python Programming,Git Module 8,Synthetic module covering concepts and practical applications of Git.,Students will demonstrate competency in Git through practical tasks.,Git,Version Control,Intermediate,10,30,Viva
CUR-009,TTC,Networking,Docker Module 9,Synthetic module covering concepts and practical applications of Docker.,Students will demonstrate competency in Docker through practical tasks.,Docker,DevOps,Beginner,12,30,Project
CUR-010,TVET Institute,Web Development,Linux Module 10,Synthetic module covering concepts and practical applications of Linux.,Students will demonstrate competency in Linux through practical tasks.,Linux,Operating System,Advanced,12,30,Written Exam
CUR-011,TTC,Python Programming,Problem Solving Module 11,Synthetic module covering concepts and practical applications of Problem Solving.,Students will demonstrate competency in Problem Solving through practical tasks.,Problem Solving,Soft Skill,Intermediate,15,15,Written Exam
CUR-012,Technical Training Center,IT Support,Communication Module 12,Synthetic module covering concepts and practical applications of Communication.,Students will demonstrate competency in Communication through practical tasks.,Communication,Soft Skill,Intermediate,20,20,Viva
CUR-013,Technical Training Center,Networking,Cloud Computing Module 13,Synthetic module covering concepts and practical applications of Cloud Computing.,Students will demonstrate competency in Cloud Computing through practical tasks.,Cloud Computing,Cloud,Beginner,12,25,Practical Exam
CUR-014,Polytechnic Training Unit,Cloud Computing,Node.js Module 14,Synthetic module covering concepts and practical applications of Node.js.,Students will demonstrate competency in Node.js through practical tasks.,Node.js,Web,Intermediate,10,20,Practical Exam
CUR-015,Polytechnic Training Unit,Python Programming,Node.js Module 15,Synthetic module covering concepts and practical applications of Node.js.,Students will demonstrate competency in Node.js through practical tasks.,Node.js,Web,Advanced,20,20,Written Exam
CUR-016,Technical Training Center,Cybersecurity,Java Module 16,Synthetic module covering concepts and practical applications of Java.,Students will demonstrate competency in Java through practical tasks.,Java,Programming,Intermediate,12,30,Written Exam
CUR-017,TVET Institute,Software Testing,React Module 17,Synthetic module covering concepts and practical applications of React.,Students will demonstrate competency in React through practical tasks.,React,Web,Beginner,12,15,Written Exam
CUR-018,TTC,Database Management,Java Module 18,Synthetic module covering concepts and practical applications of Java.,Students will demonstrate competency in Java through practical tasks.,Java,Programming,Advanced,10,20,Written Exam
CUR-019,TVET Institute,Web Development,Problem Solving Module 19,Synthetic module covering concepts and practical applications of Problem Solving.,Students will demonstrate competency in Problem Solving through practical tasks.,Problem Solving,Soft Skill,Advanced,10,20,Project
CUR-020,TVET Institute,Networking,SQL Module 20,Synthetic module covering concepts and practical applications of SQL.,Students will demonstrate competency in SQL through practical tasks.,SQL,Database,Advanced,12,30,Practical Exam
CUR-021,Technical Training Center,IT Support,HTML Module 21,Synthetic module covering concepts and practical applications of HTML.,Students will demonstrate competency in HTML through practical tasks.,HTML,Web,Intermediate,12,20,Practical Exam
CUR-022,TTC,Python Programming,Git Module 22,Synthetic module covering concepts and practical applications of Git.,Students will demonstrate competency in Git through practical tasks.,Git,Version Control,Intermediate,10,15,Viva
CUR-023,TTC,Database Management,Software Testing Module 23,Synthetic module covering concepts and practical applications of Software Testing.,Students will demonstrate competency in Software Testing through practical tasks.,Software Testing,Testing,Beginner,20,25,Project
CUR-024,Technical Training Center,Python Programming,Teamwork Module 24,Synthetic module covering concepts and practical applications of Teamwork.,Students will demonstrate competency in Teamwork through practical tasks.,Teamwork,Soft Skill,Advanced,10,25,Viva
CUR-025,TTC,Cybersecurity,SQL Module 25,Synthetic module covering concepts and practical applications of SQL.,Students will demonstrate competency in SQL through practical tasks.,SQL,Database,Advanced,15,20,Written Exam
CUR-026,TVET Institute,Cybersecurity,Linux Module 26,Synthetic module covering concepts and practical applications of Linux.,Students will demonstrate competency in Linux through practical tasks.,Linux,Operating System,Advanced,12,30,Practical Exam
CUR-027,TTC,DevOps,CSS Module 27,Synthetic module covering concepts and practical applications of CSS.,Students will demonstrate competency in CSS through practical tasks.,CSS,Web,Intermediate,12,20,Viva
CUR-028,Technical Training Center,Full Stack Development,Problem Solving Module 28,Synthetic module covering concepts and practical applications of Problem Solving.,Students will demonstrate competency in Problem Solving through practical tasks.,Problem Solving,Soft Skill,Beginner,12,20,Written Exam
CUR-029,Polytechnic Training Unit,Software Testing,React Module 29,Synthetic module covering concepts and practical applications of React.,Students will demonstrate competency in React through practical tasks.,React,Web,Advanced,10,15,Practical Exam
CUR-030,TVET Institute,DevOps,SQL Module 30,Synthetic module covering concepts and practical applications of SQL.,Students will demonstrate competency in SQL through practical tasks.,SQL,Database,Beginner,12,30,Project
CUR-031,Technical Training Center,Networking,Cloud Computing Module 31,Synthetic module covering concepts and practical applications of Cloud Computing.,Students will demonstrate competency in Cloud Computing through practical tasks.,Cloud Computing,Cloud,Beginner,10,25,Viva
CUR-032,TTC,Cloud Computing,JavaScript Module 32,Synthetic module covering concepts and practical applications of JavaScript.,Students will demonstrate competency in JavaScript through practical tasks.,JavaScript,Programming,Intermediate,20,20,Written Exam
CUR-033,TTC,Networking,Communication Module 33,Synthetic module covering concepts and practical applications of Communication.,Students will demonstrate competency in Communication through practical tasks.,Communication,Soft Skill,Beginner,12,30,Written Exam
CUR-034,Polytechnic Training Unit,Software Testing,Database Design Module 34,Synthetic module covering concepts and practical applications of Database Design.,Students will demonstrate competency in Database Design through practical tasks.,Database Design,Database,Advanced,12,15,Practical Exam
CUR-035,TVET Institute,IT Support,Networking Module 35,Synthetic module covering concepts and practical applications of Networking.,Students will demonstrate competency in Networking through practical tasks.,Networking,Networking,Beginner,10,15,Practical Exam
CUR-036,Polytechnic Training Unit,DevOps,Node.js Module 36,Synthetic module covering concepts and practical applications of Node.js.,Students will demonstrate competency in Node.js through practical tasks.,Node.js,Web,Advanced,12,15,Practical Exam
CUR-037,Technical Training Center,Full Stack Development,SQL Module 37,Synthetic module covering concepts and practical applications of SQL.,Students will demonstrate competency in SQL through practical tasks.,SQL,Database,Intermediate,10,30,Project
CUR-038,Polytechnic Training Unit,Cloud Computing,Java Module 38,Synthetic module covering concepts and practical applications of Java.,Students will demonstrate competency in Java through practical tasks.,Java,Programming,Intermediate,10,20,Viva
CUR-039,Polytechnic Training Unit,Database Management,SQL Module 39,Synthetic module covering concepts and practical applications of SQL.,Students will demonstrate competency in SQL through practical tasks.,SQL,Database,Advanced,10,20,Practical Exam
CUR-040,TVET Institute,Web Development,Communication Module 40,Synthetic module covering concepts and practical applications of Communication.,Students will demonstrate competency in Communication through practical tasks.,Communication,Soft Skill,Beginner,15,20,Written Exam
CUR-041,TVET Institute,Python Programming,Node.js Module 41,Synthetic module covering concepts and practical applications of Node.js.,Students will demonstrate competency in Node.js through practical tasks.,Node.js,Web,Intermediate,10,30,Viva
CUR-042,TTC,Networking,Python Module 42,Synthetic module covering concepts and practical applications of Python.,Students will demonstrate competency in Python through practical tasks.,Python,Programming,Intermediate,12,20,Project
CUR-043,TVET Institute,Cybersecurity,Database Design Module 43,Synthetic module covering concepts and practical applications of Database Design.,Students will demonstrate competency in Database Design through practical tasks.,Database Design,Database,Intermediate,20,30,Written Exam
CUR-044,TTC,Software Testing,REST API Module 44,Synthetic module covering concepts and practical applications of REST API.,Students will demonstrate competency in REST API through practical tasks.,REST API,Web,Beginner,15,30,Practical Exam
CUR-045,TVET Institute,Cybersecurity,Git Module 45,Synthetic module covering concepts and practical applications of Git.,Students will demonstrate competency in Git through practical tasks.,Git,Version Control,Advanced,10,20,Practical Exam
CUR-046,Polytechnic Training Unit,Python Programming,CSS Module 46,Synthetic module covering concepts and practical applications of CSS.,Students will demonstrate competency in CSS through practical tasks.,CSS,Web,Advanced,15,30,Written Exam
CUR-047,TVET Institute,Full Stack Development,Java Module 47,Synthetic module covering concepts and practical applications of Java.,Students will demonstrate competency in Java through practical tasks.,Java,Programming,Advanced,15,15,Viva
CUR-048,TTC,Cybersecurity,Python Module 48,Synthetic module covering concepts and practical applications of Python.,Students will demonstrate competency in Python through practical tasks.,Python,Programming,Intermediate,10,25,Practical Exam
CUR-049,TTC,Web Development,JavaScript Module 49,Synthetic module covering concepts and practical applications of JavaScript.,Students will demonstrate competency in JavaScript through practical tasks.,JavaScript,Programming,Intermediate,20,20,Practical Exam
CUR-050,Technical Training Center,IT Support,Linux Module 50,Synthetic module covering concepts and practical applications of Linux.,Students will demonstrate competency in Linux through practical tasks.,Linux,Operating System,Beginner,10,30,Written Exam
CUR-051,Technical Training Center,Database Management,JavaScript Module 51,Synthetic module covering concepts and practical applications of JavaScript.,Students will demonstrate competency in JavaScript through practical tasks.,JavaScript,Programming,Beginner,15,25,Practical Exam
CUR-052,TVET Institute,DevOps,SQL Module 52,Synthetic module covering concepts and practical applications of SQL.,Students will demonstrate competency in SQL through practical tasks.,SQL,Database,Advanced,15,30,Viva
CUR-053,TVET Institute,Web Development,SQL Module 53,Synthetic module covering concepts and practical applications of SQL.,Students will demonstrate competency in SQL through practical tasks.,SQL,Database,Intermediate,12,15,Practical Exam
CUR-054,TTC,Database Management,Database Design Module 54,Synthetic module covering concepts and practical applications of Database Design.,Students will demonstrate competency in Database Design through practical tasks.,Database Design,Database,Beginner,15,15,Viva
CUR-055,TVET Institute,Cloud Computing,Teamwork Module 55,Synthetic module covering concepts and practical applications of Teamwork.,Students will demonstrate competency in Teamwork through practical tasks.,Teamwork,Soft Skill,Beginner,15,30,Project
CUR-056,Polytechnic Training Unit,Cybersecurity,Java Module 56,Synthetic module covering concepts and practical applications of Java.,Students will demonstrate competency in Java through practical tasks.,Java,Programming,Intermediate,12,25,Project
CUR-057,Polytechnic Training Unit,IT Support,Software Testing Module 57,Synthetic module covering concepts and practical applications of Software Testing.,Students will demonstrate competency in Software Testing through practical tasks.,Software Testing,Testing,Beginner,10,20,Project
CUR-058,TVET Institute,Cybersecurity,Python Module 58,Synthetic module covering concepts and practical applications of Python.,Students will demonstrate competency in Python through practical tasks.,Python,Programming,Intermediate,12,15,Written Exam
CUR-059,Technical Training Center,Software Testing,Communication Module 59,Synthetic module covering concepts and practical applications of Communication.,Students will demonstrate competency in Communication through practical tasks.,Communication,Soft Skill,Advanced,15,30,Practical Exam
CUR-060,TVET Institute,Full Stack Development,Teamwork Module 60,Synthetic module covering concepts and practical applications of Teamwork.,Students will demonstrate competency in Teamwork through practical tasks.,Teamwork,Soft Skill,Intermediate,10,15,Project
CUR-061,TTC,Web Development,Networking Module 61,Synthetic module covering concepts and practical applications of Networking.,Students will demonstrate competency in Networking through practical tasks.,Networking,Networking,Intermediate,20,20,Project
CUR-062,Technical Training Center,Database Management,Java Module 62,Synthetic module covering concepts and practical applications of Java.,Students will demonstrate competency in Java through practical tasks.,Java,Programming,Advanced,10,20,Practical Exam
CUR-063,TTC,IT Support,Node.js Module 63,Synthetic module covering concepts and practical applications of Node.js.,Students will demonstrate competency in Node.js through practical tasks.,Node.js,Web,Beginner,20,25,Practical Exam
CUR-064,TTC,Python Programming,CSS Module 64,Synthetic module covering concepts and practical applications of CSS.,Students will demonstrate competency in CSS through practical tasks.,CSS,Web,Intermediate,20,20,Written Exam
CUR-065,Polytechnic Training Unit,Database Management,Python Module 65,Synthetic module covering concepts and practical applications of Python.,Students will demonstrate competency in Python through practical tasks.,Python,Programming,Intermediate,10,30,Project
CUR-066,Polytechnic Training Unit,Database Management,JavaScript Module 66,Synthetic module covering concepts and practical applications of JavaScript.,Students will demonstrate competency in JavaScript through practical tasks.,JavaScript,Programming,Beginner,10,15,Written Exam
CUR-067,TVET Institute,Full Stack Development,Teamwork Module 67,Synthetic module covering concepts and practical applications of Teamwork.,Students will demonstrate competency in Teamwork through practical tasks.,Teamwork,Soft Skill,Intermediate,15,15,Written Exam
CUR-068,TVET Institute,Software Testing,HTML Module 68,Synthetic module covering concepts and practical applications of HTML.,Students will demonstrate competency in HTML through practical tasks.,HTML,Web,Intermediate,15,25,Written Exam
CUR-069,TTC,Full Stack Development,Git Module 69,Synthetic module covering concepts and practical applications of Git.,Students will demonstrate competency in Git through practical tasks.,Git,Version Control,Beginner,15,20,Project
CUR-070,Polytechnic Training Unit,Cloud Computing,Cloud Computing Module 70,Synthetic module covering concepts and practical applications of Cloud Computing.,Students will demonstrate competency in Cloud Computing through practical tasks.,Cloud Computing,Cloud,Intermediate,15,15,Written Exam
CUR-071,Technical Training Center,Networking,CSS Module 71,Synthetic module covering concepts and practical applications of CSS.,Students will demonstrate competency in CSS through practical tasks.,CSS,Web,Advanced,15,25,Viva
CUR-072,TTC,DevOps,Database Design Module 72,Synthetic module covering concepts and practical applications of Database Design.,Students will demonstrate competency in Database Design through practical tasks.,Database Design,Database,Intermediate,10,30,Project
CUR-073,Polytechnic Training Unit,IT Support,React Module 73,Synthetic module covering concepts and practical applications of React.,Students will demonstrate competency in React through practical tasks.,React,Web,Advanced,20,15,Written Exam
CUR-074,TVET Institute,Cybersecurity,Communication Module 74,Synthetic module covering concepts and practical applications of Communication.,Students will demonstrate competency in Communication through practical tasks.,Communication,Soft Skill,Intermediate,12,25,Written Exam
CUR-075,Technical Training Center,Software Testing,Git Module 75,Synthetic module covering concepts and practical applications of Git.,Students will demonstrate competency in Git through practical tasks.,Git,Version Control,Beginner,10,25,Viva
CUR-076,Technical Training Center,Database Management,Python Module 76,Synthetic module covering concepts and practical applications of Python.,Students will demonstrate competency in Python through practical tasks.,Python,Programming,Intermediate,15,30,Written Exam
CUR-077,TVET Institute,Software Testing,Git Module 77,Synthetic module covering concepts and practical applications of Git.,Students will demonstrate competency in Git through practical tasks.,Git,Version Control,Advanced,10,25,Written Exam
CUR-078,Polytechnic Training Unit,Networking,Python Module 78,Synthetic module covering concepts and practical applications of Python.,Students will demonstrate competency in Python through practical tasks.,Python,Programming,Intermediate,10,30,Written Exam
CUR-079,Technical Training Center,Database Management,Python Module 79,Synthetic module covering concepts and practical applications of Python.,Students will demonstrate competency in Python through practical tasks.,Python,Programming,Beginner,15,15,Practical Exam
CUR-080,TTC,Networking,Node.js Module 80,Synthetic module covering concepts and practical applications of Node.js.,Students will demonstrate competency in Node.js through practical tasks.,Node.js,Web,Beginner,15,25,Project
CUR-081,TVET Institute,Web Development,Docker Module 81,Synthetic module covering concepts and practical applications of Docker.,Students will demonstrate competency in Docker through practical tasks.,Docker,DevOps,Advanced,10,15,Written Exam
CUR-082,TVET Institute,Cloud Computing,Java Module 82,Synthetic module covering concepts and practical applications of Java.,Students will demonstrate competency in Java through practical tasks.,Java,Programming,Intermediate,12,15,Written Exam
CUR-083,Technical Training Center,Cloud Computing,Linux Module 83,Synthetic module covering concepts and practical applications of Linux.,Students will demonstrate competency in Linux through practical tasks.,Linux,Operating System,Intermediate,10,30,Written Exam
CUR-084,Polytechnic Training Unit,DevOps,Teamwork Module 84,Synthetic module covering concepts and practical applications of Teamwork.,Students will demonstrate competency in Teamwork through practical tasks.,Teamwork,Soft Skill,Beginner,20,15,Viva
CUR-085,TVET Institute,Cybersecurity,REST API Module 85,Synthetic module covering concepts and practical applications of REST API.,Students will demonstrate competency in REST API through practical tasks.,REST API,Web,Intermediate,10,20,Project
CUR-086,TVET Institute,IT Support,Software Testing Module 86,Synthetic module covering concepts and practical applications of Software Testing.,Students will demonstrate competency in Software Testing through practical tasks.,Software Testing,Testing,Advanced,15,15,Project
CUR-087,TTC,Web Development,Cloud Computing Module 87,Synthetic module covering concepts and practical applications of Cloud Computing.,Students will demonstrate competency in Cloud Computing through practical tasks.,Cloud Computing,Cloud,Intermediate,15,25,Practical Exam
CUR-088,TTC,Web Development,Database Design Module 88,Synthetic module covering concepts and practical applications of Database Design.,Students will demonstrate competency in Database Design through practical tasks.,Database Design,Database,Advanced,20,30,Project
CUR-089,Polytechnic Training Unit,Web Development,Database Design Module 89,Synthetic module covering concepts and practical applications of Database Design.,Students will demonstrate competency in Database Design through practical tasks.,Database Design,Database,Intermediate,15,25,Practical Exam
CUR-090,Polytechnic Training Unit,Cloud Computing,Communication Module 90,Synthetic module covering concepts and practical applications of Communication.,Students will demonstrate competency in Communication through practical tasks.,Communication,Soft Skill,Beginner,12,20,Project
CUR-091,Technical Training Center,Web Development,Problem Solving Module 91,Synthetic module covering concepts and practical applications of Problem Solving.,Students will demonstrate competency in Problem Solving through practical tasks.,Problem Solving,Soft Skill,Advanced,20,15,Project
CUR-092,TVET Institute,Database Management,CSS Module 92,Synthetic module covering concepts and practical applications of CSS.,Students will demonstrate competency in CSS through practical tasks.,CSS,Web,Beginner,15,20,Practical Exam
CUR-093,Technical Training Center,Cybersecurity,Java Module 93,Synthetic module covering concepts and practical applications of Java.,Students will demonstrate competency in Java through practical tasks.,Java,Programming,Intermediate,20,25,Project
CUR-094,TTC,Networking,Problem Solving Module 94,Synthetic module covering concepts and practical applications of Problem Solving.,Students will demonstrate competency in Problem Solving through practical tasks.,Problem Solving,Soft Skill,Advanced,12,15,Written Exam
CUR-095,Technical Training Center,DevOps,CSS Module 95,Synthetic module covering concepts and practical applications of CSS.,Students will demonstrate competency in CSS through practical tasks.,CSS,Web,Intermediate,20,30,Viva
CUR-096,TVET Institute,Software Testing,SQL Module 96,Synthetic module covering concepts and practical applications of SQL.,Students will demonstrate competency in SQL through practical tasks.,SQL,Database,Advanced,15,20,Viva
CUR-097,TTC,Database Management,Java Module 97,Synthetic module covering concepts and practical applications of Java.,Students will demonstrate competency in Java through practical tasks.,Java,Programming,Intermediate,20,15,Practical Exam
CUR-098,Technical Training Center,Software Testing,Cybersecurity Module 98,Synthetic module covering concepts and practical applications of Cybersecurity.,Students will demonstrate competency in Cybersecurity through practical tasks.,Cybersecurity,Security,Intermediate,12,20,Viva
CUR-099,TVET Institute,Software Testing,Python Module 99,Synthetic module covering concepts and practical applications of Python.,Students will demonstrate competency in Python through practical tasks.,Python,Programming,Advanced,10,15,Practical Exam
CUR-100,TTC,Networking,React Module 100,Synthetic module covering concepts and practical applications of React.,Students will demonstrate competency in React through practical tasks.,React,Web,Advanced,20,20,Viva
CUR-101,TVET Institute,Software Testing,Node.js Module 101,Synthetic training module focusing on theoretical concepts and practical implementation of Node.js.,Learners will be able to apply Node.js in practical IT tasks and demonstrate competency through assessment activities.,Node.js,Web Development,Intermediate,10,25,Viva
CUR-102,TVET Institute,Software Testing,Database Design Module 102,Synthetic training module focusing on theoretical concepts and practical implementation of Database Design.,Learners will be able to apply Database Design in practical IT tasks and demonstrate competency through assessment activities.,Database Design,Database,Intermediate,20,30,Written Exam
CUR-103,TVET Institute,Web Development,Git Module 103,Synthetic training module focusing on theoretical concepts and practical implementation of Git.,Learners will be able to apply Git in practical IT tasks and demonstrate competency through assessment activities.,Git,Version Control,Beginner,10,20,Practical Exam
CUR-104,TTC,Networking,SQL Module 104,Synthetic training module focusing on theoretical concepts and practical implementation of SQL.,Learners will be able to apply SQL in practical IT tasks and demonstrate competency through assessment activities.,SQL,Database,Advanced,12,30,Practical Exam
CUR-105,TTC,Cybersecurity,JavaScript Module 105,Synthetic training module focusing on theoretical concepts and practical implementation of JavaScript.,Learners will be able to apply JavaScript in practical IT tasks and demonstrate competency through assessment activities.,JavaScript,Programming,Advanced,15,25,Written Exam
CUR-106,TTC,Networking,Node.js Module 106,Synthetic training module focusing on theoretical concepts and practical implementation of Node.js.,Learners will be able to apply Node.js in practical IT tasks and demonstrate competency through assessment activities.,Node.js,Web Development,Advanced,20,30,Viva
CUR-107,TVET Institute,Full Stack Development,Communication Module 107,Synthetic training module focusing on theoretical concepts and practical implementation of Communication.,Learners will be able to apply Communication in practical IT tasks and demonstrate competency through assessment activities.,Communication,Soft Skill,Intermediate,12,30,Practical Exam
CUR-108,Technical Training Center,Java Programming,CSS Module 108,Synthetic training module focusing on theoretical concepts and practical implementation of CSS.,Learners will be able to apply CSS in practical IT tasks and demonstrate competency through assessment activities.,CSS,Web Development,Intermediate,10,25,Viva
CUR-109,Technical Training Center,UI/UX Fundamentals,JavaScript Module 109,Synthetic training module focusing on theoretical concepts and practical implementation of JavaScript.,Learners will be able to apply JavaScript in practical IT tasks and demonstrate competency through assessment activities.,JavaScript,Programming,Intermediate,20,20,Project
CUR-110,Polytechnic Training Unit,Python Programming,Database Design Module 110,Synthetic training module focusing on theoretical concepts and practical implementation of Database Design.,Learners will be able to apply Database Design in practical IT tasks and demonstrate competency through assessment activities.,Database Design,Database,Advanced,12,25,Viva
CUR-111,Technical Training Center,Web Development,SQL Module 111,Synthetic training module focusing on theoretical concepts and practical implementation of SQL.,Learners will be able to apply SQL in practical IT tasks and demonstrate competency through assessment activities.,SQL,Database,Intermediate,12,30,Project
CUR-112,Polytechnic Training Unit,DevOps Essentials,Node.js Module 112,Synthetic training module focusing on theoretical concepts and practical implementation of Node.js.,Learners will be able to apply Node.js in practical IT tasks and demonstrate competency through assessment activities.,Node.js,Web Development,Intermediate,12,20,Viva
CUR-113,Polytechnic Training Unit,Software Testing,Git Module 113,Synthetic training module focusing on theoretical concepts and practical implementation of Git.,Learners will be able to apply Git in practical IT tasks and demonstrate competency through assessment activities.,Git,Version Control,Beginner,20,30,Viva
CUR-114,Polytechnic Training Unit,Networking,HTML Module 114,Synthetic training module focusing on theoretical concepts and practical implementation of HTML.,Learners will be able to apply HTML in practical IT tasks and demonstrate competency through assessment activities.,HTML,Web Development,Advanced,10,15,Practical Exam
CUR-115,Technical Training Center,Java Programming,Database Design Module 115,Synthetic training module focusing on theoretical concepts and practical implementation of Database Design.,Learners will be able to apply Database Design in practical IT tasks and demonstrate competency through assessment activities.,Database Design,Database,Advanced,12,15,Project
CUR-116,TVET Institute,IT Support,Java Module 116,Synthetic training module focusing on theoretical concepts and practical implementation of Java.,Learners will be able to apply Java in practical IT tasks and demonstrate competency through assessment activities.,Java,Programming,Intermediate,20,30,Written Exam
CUR-117,TTC,Cloud Computing,JavaScript Module 117,Synthetic training module focusing on theoretical concepts and practical implementation of JavaScript.,Learners will be able to apply JavaScript in practical IT tasks and demonstrate competency through assessment activities.,JavaScript,Programming,Advanced,10,20,Written Exam
CUR-118,Technical Training Center,Web Development,REST API Module 118,Synthetic training module focusing on theoretical concepts and practical implementation of REST API.,Learners will be able to apply REST API in practical IT tasks and demonstrate competency through assessment activities.,REST API,Web Development,Beginner,15,25,Viva
CUR-119,Polytechnic Training Unit,Cloud Computing,React Module 119,Synthetic training module focusing on theoretical concepts and practical implementation of React.,Learners will be able to apply React in practical IT tasks and demonstrate competency through assessment activities.,React,Web Development,Advanced,20,15,Viva
CUR-120,TTC,UI/UX Fundamentals,Problem Solving Module 120,Synthetic training module focusing on theoretical concepts and practical implementation of Problem Solving.,Learners will be able to apply Problem Solving in practical IT tasks and demonstrate competency through assessment activities.,Problem Solving,Soft Skill,Intermediate,15,30,Viva
CUR-121,Polytechnic Training Unit,Software Testing,Communication Module 121,Synthetic training module focusing on theoretical concepts and practical implementation of Communication.,Learners will be able to apply Communication in practical IT tasks and demonstrate competency through assessment activities.,Communication,Soft Skill,Beginner,20,15,Practical Exam
CUR-122,Polytechnic Training Unit,Python Programming,Networking Module 122,Synthetic training module focusing on theoretical concepts and practical implementation of Networking.,Learners will be able to apply Networking in practical IT tasks and demonstrate competency through assessment activities.,Networking,Networking,Intermediate,15,30,Project
CUR-123,Technical Training Center,Cybersecurity,HTML Module 123,Synthetic training module focusing on theoretical concepts and practical implementation of HTML.,Learners will be able to apply HTML in practical IT tasks and demonstrate competency through assessment activities.,HTML,Web Development,Advanced,15,30,Viva
CUR-124,Technical Training Center,UI/UX Fundamentals,Problem Solving Module 124,Synthetic training module focusing on theoretical concepts and practical implementation of Problem Solving.,Learners will be able to apply Problem Solving in practical IT tasks and demonstrate competency through assessment activities.,Problem Solving,Soft Skill,Intermediate,12,30,Viva
CUR-125,Technical Training Center,Full Stack Development,Problem Solving Module 125,Synthetic training module focusing on theoretical concepts and practical implementation of Problem Solving.,Learners will be able to apply Problem Solving in practical IT tasks and demonstrate competency through assessment activities.,Problem Solving,Soft Skill,Intermediate,15,25,Written Exam
CUR-126,Technical Training Center,IT Support,JavaScript Module 126,Synthetic training module focusing on theoretical concepts and practical implementation of JavaScript.,Learners will be able to apply JavaScript in practical IT tasks and demonstrate competency through assessment activities.,JavaScript,Programming,Advanced,20,30,Project
CUR-127,Technical Training Center,Networking,React Module 127,Synthetic training module focusing on theoretical concepts and practical implementation of React.,Learners will be able to apply React in practical IT tasks and demonstrate competency through assessment activities.,React,Web Development,Advanced,12,25,Project
CUR-128,Polytechnic Training Unit,Networking,REST API Module 128,Synthetic training module focusing on theoretical concepts and practical implementation of REST API.,Learners will be able to apply REST API in practical IT tasks and demonstrate competency through assessment activities.,REST API,Web Development,Advanced,15,15,Practical Exam
CUR-129,TVET Institute,UI/UX Fundamentals,Networking Module 129,Synthetic training module focusing on theoretical concepts and practical implementation of Networking.,Learners will be able to apply Networking in practical IT tasks and demonstrate competency through assessment activities.,Networking,Networking,Beginner,15,20,Project
CUR-130,Polytechnic Training Unit,Java Programming,SQL Module 130,Synthetic training module focusing on theoretical concepts and practical implementation of SQL.,Learners will be able to apply SQL in practical IT tasks and demonstrate competency through assessment activities.,SQL,Database,Intermediate,20,30,Project
CUR-131,Polytechnic Training Unit,Networking,HTML Module 131,Synthetic training module focusing on theoretical concepts and practical implementation of HTML.,Learners will be able to apply HTML in practical IT tasks and demonstrate competency through assessment activities.,HTML,Web Development,Beginner,12,15,Viva
CUR-132,Polytechnic Training Unit,Software Testing,HTML Module 132,Synthetic training module focusing on theoretical concepts and practical implementation of HTML.,Learners will be able to apply HTML in practical IT tasks and demonstrate competency through assessment activities.,HTML,Web Development,Advanced,12,25,Practical Exam
CUR-133,TVET Institute,Java Programming,HTML Module 133,Synthetic training module focusing on theoretical concepts and practical implementation of HTML.,Learners will be able to apply HTML in practical IT tasks and demonstrate competency through assessment activities.,HTML,Web Development,Beginner,15,30,Practical Exam
CUR-134,Technical Training Center,Cloud Computing,REST API Module 134,Synthetic training module focusing on theoretical concepts and practical implementation of REST API.,Learners will be able to apply REST API in practical IT tasks and demonstrate competency through assessment activities.,REST API,Web Development,Beginner,15,25,Viva
CUR-135,TTC,Python Programming,Software Testing Module 135,Synthetic training module focusing on theoretical concepts and practical implementation of Software Testing.,Learners will be able to apply Software Testing in practical IT tasks and demonstrate competency through assessment activities.,Software Testing,Testing,Advanced,15,30,Viva
CUR-136,Technical Training Center,Web Development,Problem Solving Module 136,Synthetic training module focusing on theoretical concepts and practical implementation of Problem Solving.,Learners will be able to apply Problem Solving in practical IT tasks and demonstrate competency through assessment activities.,Problem Solving,Soft Skill,Beginner,20,15,Practical Exam
CUR-137,Technical Training Center,Networking,Problem Solving Module 137,Synthetic training module focusing on theoretical concepts and practical implementation of Problem Solving.,Learners will be able to apply Problem Solving in practical IT tasks and demonstrate competency through assessment activities.,Problem Solving,Soft Skill,Beginner,12,25,Viva
CUR-138,TVET Institute,Web Development,Node.js Module 138,Synthetic training module focusing on theoretical concepts and practical implementation of Node.js.,Learners will be able to apply Node.js in practical IT tasks and demonstrate competency through assessment activities.,Node.js,Web Development,Advanced,15,25,Viva
CUR-139,Technical Training Center,Web Development,CSS Module 139,Synthetic training module focusing on theoretical concepts and practical implementation of CSS.,Learners will be able to apply CSS in practical IT tasks and demonstrate competency through assessment activities.,CSS,Web Development,Intermediate,15,25,Project
CUR-140,Polytechnic Training Unit,Web Development,Communication Module 140,Synthetic training module focusing on theoretical concepts and practical implementation of Communication.,Learners will be able to apply Communication in practical IT tasks and demonstrate competency through assessment activities.,Communication,Soft Skill,Intermediate,15,20,Project
CUR-141,Polytechnic Training Unit,Database Management,Cybersecurity Module 141,Synthetic training module focusing on theoretical concepts and practical implementation of Cybersecurity.,Learners will be able to apply Cybersecurity in practical IT tasks and demonstrate competency through assessment activities.,Cybersecurity,Cybersecurity,Beginner,10,30,Project
CUR-142,TVET Institute,Cloud Computing,Networking Module 142,Synthetic training module focusing on theoretical concepts and practical implementation of Networking.,Learners will be able to apply Networking in practical IT tasks and demonstrate competency through assessment activities.,Networking,Networking,Beginner,20,30,Written Exam
CUR-143,Technical Training Center,Python Programming,Python Module 143,Synthetic training module focusing on theoretical concepts and practical implementation of Python.,Learners will be able to apply Python in practical IT tasks and demonstrate competency through assessment activities.,Python,Programming,Beginner,10,25,Practical Exam
CUR-144,TTC,UI/UX Fundamentals,HTML Module 144,Synthetic training module focusing on theoretical concepts and practical implementation of HTML.,Learners will be able to apply HTML in practical IT tasks and demonstrate competency through assessment activities.,HTML,Web Development,Advanced,15,15,Practical Exam
CUR-145,TVET Institute,Software Testing,HTML Module 145,Synthetic training module focusing on theoretical concepts and practical implementation of HTML.,Learners will be able to apply HTML in practical IT tasks and demonstrate competency through assessment activities.,HTML,Web Development,Advanced,15,15,Viva
CUR-146,Technical Training Center,Java Programming,Java Module 146,Synthetic training module focusing on theoretical concepts and practical implementation of Java.,Learners will be able to apply Java in practical IT tasks and demonstrate competency through assessment activities.,Java,Programming,Intermediate,15,25,Written Exam
CUR-147,Polytechnic Training Unit,Cloud Computing,React Module 147,Synthetic training module focusing on theoretical concepts and practical implementation of React.,Learners will be able to apply React in practical IT tasks and demonstrate competency through assessment activities.,React,Web Development,Advanced,20,15,Viva
CUR-148,TTC,UI/UX Fundamentals,Docker Module 148,Synthetic training module focusing on theoretical concepts and practical implementation of Docker.,Learners will be able to apply Docker in practical IT tasks and demonstrate competency through assessment activities.,Docker,DevOps,Advanced,20,25,Project
CUR-149,Technical Training Center,Database Management,React Module 149,Synthetic training module focusing on theoretical concepts and practical implementation of React.,Learners will be able to apply React in practical IT tasks and demonstrate competency through assessment activities.,React,Web Development,Advanced,10,30,Practical Exam
CUR-150,Technical Training Center,UI/UX Fundamentals,Node.js Module 150,Synthetic training module focusing on theoretical concepts and practical implementation of Node.js.,Learners will be able to apply Node.js in practical IT tasks and demonstrate competency through assessment activities.,Node.js,Web Development,Intermediate,20,20,Viva
CUR-151,TTC,Java Programming,Teamwork Module 151,Synthetic training module focusing on theoretical concepts and practical implementation of Teamwork.,Learners will be able to apply Teamwork in practical IT tasks and demonstrate competency through assessment activities.,Teamwork,Soft Skill,Advanced,10,25,Written Exam
CUR-152,Polytechnic Training Unit,Full Stack Development,Linux Module 152,Synthetic training module focusing on theoretical concepts and practical implementation of Linux.,Learners will be able to apply Linux in practical IT tasks and demonstrate competency through assessment activities.,Linux,Operating System,Intermediate,15,15,Viva
CUR-153,Technical Training Center,Cybersecurity,Git Module 153,Synthetic training module focusing on theoretical concepts and practical implementation of Git.,Learners will be able to apply Git in practical IT tasks and demonstrate competency through assessment activities.,Git,Version Control,Intermediate,15,25,Viva
CUR-154,TTC,Database Management,JavaScript Module 154,Synthetic training module focusing on theoretical concepts and practical implementation of JavaScript.,Learners will be able to apply JavaScript in practical IT tasks and demonstrate competency through assessment activities.,JavaScript,Programming,Intermediate,10,20,Practical Exam
CUR-155,Polytechnic Training Unit,IT Support,Git Module 155,Synthetic training module focusing on theoretical concepts and practical implementation of Git.,Learners will be able to apply Git in practical IT tasks and demonstrate competency through assessment activities.,Git,Version Control,Beginner,12,15,Written Exam
CUR-156,TTC,UI/UX Fundamentals,CSS Module 156,Synthetic training module focusing on theoretical concepts and practical implementation of CSS.,Learners will be able to apply CSS in practical IT tasks and demonstrate competency through assessment activities.,CSS,Web Development,Beginner,10,15,Practical Exam
CUR-157,TVET Institute,Java Programming,Java Module 157,Synthetic training module focusing on theoretical concepts and practical implementation of Java.,Learners will be able to apply Java in practical IT tasks and demonstrate competency through assessment activities.,Java,Programming,Intermediate,15,30,Written Exam
CUR-158,Polytechnic Training Unit,Java Programming,Problem Solving Module 158,Synthetic training module focusing on theoretical concepts and practical implementation of Problem Solving.,Learners will be able to apply Problem Solving in practical IT tasks and demonstrate competency through assessment activities.,Problem Solving,Soft Skill,Intermediate,12,25,Project
CUR-159,TVET Institute,Networking,SQL Module 159,Synthetic training module focusing on theoretical concepts and practical implementation of SQL.,Learners will be able to apply SQL in practical IT tasks and demonstrate competency through assessment activities.,SQL,Database,Beginner,15,25,Viva
CUR-160,Polytechnic Training Unit,Java Programming,CSS Module 160,Synthetic training module focusing on theoretical concepts and practical implementation of CSS.,Learners will be able to apply CSS in practical IT tasks and demonstrate competency through assessment activities.,CSS,Web Development,Beginner,12,30,Written Exam
CUR-161,TTC,Database Management,Software Testing Module 161,Synthetic training module focusing on theoretical concepts and practical implementation of Software Testing.,Learners will be able to apply Software Testing in practical IT tasks and demonstrate competency through assessment activities.,Software Testing,Testing,Intermediate,20,20,Project
CUR-162,Technical Training Center,Database Management,React Module 162,Synthetic training module focusing on theoretical concepts and practical implementation of React.,Learners will be able to apply React in practical IT tasks and demonstrate competency through assessment activities.,React,Web Development,Intermediate,20,15,Viva
CUR-163,Polytechnic Training Unit,UI/UX Fundamentals,Cloud Computing Module 163,Synthetic training module focusing on theoretical concepts and practical implementation of Cloud Computing.,Learners will be able to apply Cloud Computing in practical IT tasks and demonstrate competency through assessment activities.,Cloud Computing,Cloud,Beginner,20,15,Project
CUR-164,Technical Training Center,Java Programming,Communication Module 164,Synthetic training module focusing on theoretical concepts and practical implementation of Communication.,Learners will be able to apply Communication in practical IT tasks and demonstrate competency through assessment activities.,Communication,Soft Skill,Advanced,10,30,Practical Exam
CUR-165,Technical Training Center,IT Support,Linux Module 165,Synthetic training module focusing on theoretical concepts and practical implementation of Linux.,Learners will be able to apply Linux in practical IT tasks and demonstrate competency through assessment activities.,Linux,Operating System,Beginner,10,30,Written Exam
CUR-166,Polytechnic Training Unit,Cybersecurity,Docker Module 166,Synthetic training module focusing on theoretical concepts and practical implementation of Docker.,Learners will be able to apply Docker in practical IT tasks and demonstrate competency through assessment activities.,Docker,DevOps,Beginner,20,15,Written Exam
CUR-167,TVET Institute,UI/UX Fundamentals,SQL Module 167,Synthetic training module focusing on theoretical concepts and practical implementation of SQL.,Learners will be able to apply SQL in practical IT tasks and demonstrate competency through assessment activities.,SQL,Database,Intermediate,20,20,Project
CUR-168,TTC,Java Programming,SQL Module 168,Synthetic training module focusing on theoretical concepts and practical implementation of SQL.,Learners will be able to apply SQL in practical IT tasks and demonstrate competency through assessment activities.,SQL,Database,Beginner,20,25,Practical Exam
CUR-169,Polytechnic Training Unit,Cloud Computing,HTML Module 169,Synthetic training module focusing on theoretical concepts and practical implementation of HTML.,Learners will be able to apply HTML in practical IT tasks and demonstrate competency through assessment activities.,HTML,Web Development,Beginner,10,25,Written Exam
CUR-170,TVET Institute,IT Support,React Module 170,Synthetic training module focusing on theoretical concepts and practical implementation of React.,Learners will be able to apply React in practical IT tasks and demonstrate competency through assessment activities.,React,Web Development,Beginner,20,15,Written Exam
CUR-171,TTC,UI/UX Fundamentals,Communication Module 171,Synthetic training module focusing on theoretical concepts and practical implementation of Communication.,Learners will be able to apply Communication in practical IT tasks and demonstrate competency through assessment activities.,Communication,Soft Skill,Beginner,20,15,Written Exam
CUR-172,Polytechnic Training Unit,Cybersecurity,Database Design Module 172,Synthetic training module focusing on theoretical concepts and practical implementation of Database Design.,Learners will be able to apply Database Design in practical IT tasks and demonstrate competency through assessment activities.,Database Design,Database,Advanced,20,20,Practical Exam
CUR-173,Polytechnic Training Unit,DevOps Essentials,JavaScript Module 173,Synthetic training module focusing on theoretical concepts and practical implementation of JavaScript.,Learners will be able to apply JavaScript in practical IT tasks and demonstrate competency through assessment activities.,JavaScript,Programming,Advanced,12,20,Project
CUR-174,Technical Training Center,UI/UX Fundamentals,Linux Module 174,Synthetic training module focusing on theoretical concepts and practical implementation of Linux.,Learners will be able to apply Linux in practical IT tasks and demonstrate competency through assessment activities.,Linux,Operating System,Beginner,10,25,Viva
CUR-175,TVET Institute,Web Development,Database Design Module 175,Synthetic training module focusing on theoretical concepts and practical implementation of Database Design.,Learners will be able to apply Database Design in practical IT tasks and demonstrate competency through assessment activities.,Database Design,Database,Intermediate,15,25,Project
CUR-176,Polytechnic Training Unit,Web Development,Networking Module 176,Synthetic training module focusing on theoretical concepts and practical implementation of Networking.,Learners will be able to apply Networking in practical IT tasks and demonstrate competency through assessment activities.,Networking,Networking,Beginner,15,15,Written Exam
CUR-177,TTC,UI/UX Fundamentals,SQL Module 177,Synthetic training module focusing on theoretical concepts and practical implementation of SQL.,Learners will be able to apply SQL in practical IT tasks and demonstrate competency through assessment activities.,SQL,Database,Beginner,20,30,Written Exam
CUR-178,TVET Institute,Database Management,SQL Module 178,Synthetic training module focusing on theoretical concepts and practical implementation of SQL.,Learners will be able to apply SQL in practical IT tasks and demonstrate competency through assessment activities.,SQL,Database,Beginner,12,30,Written Exam
CUR-179,Polytechnic Training Unit,Software Testing,Cybersecurity Module 179,Synthetic training module focusing on theoretical concepts and practical implementation of Cybersecurity.,Learners will be able to apply Cybersecurity in practical IT tasks and demonstrate competency through assessment activities.,Cybersecurity,Cybersecurity,Intermediate,12,30,Viva
CUR-180,TVET Institute,Full Stack Development,React Module 180,Synthetic training module focusing on theoretical concepts and practical implementation of React.,Learners will be able to apply React in practical IT tasks and demonstrate competency through assessment activities.,React,Web Development,Beginner,12,20,Written Exam
CUR-181,Polytechnic Training Unit,Web Development,JavaScript Module 181,Synthetic training module focusing on theoretical concepts and practical implementation of JavaScript.,Learners will be able to apply JavaScript in practical IT tasks and demonstrate competency through assessment activities.,JavaScript,Programming,Beginner,12,20,Practical Exam
CUR-182,TTC,Full Stack Development,Python Module 182,Synthetic training module focusing on theoretical concepts and practical implementation of Python.,Learners will be able to apply Python in practical IT tasks and demonstrate competency through assessment activities.,Python,Programming,Beginner,20,20,Viva
CUR-183,TTC,Cloud Computing,JavaScript Module 183,Synthetic training module focusing on theoretical concepts and practical implementation of JavaScript.,Learners will be able to apply JavaScript in practical IT tasks and demonstrate competency through assessment activities.,JavaScript,Programming,Advanced,15,15,Practical Exam
CUR-184,Polytechnic Training Unit,Networking,Cloud Computing Module 184,Synthetic training module focusing on theoretical concepts and practical implementation of Cloud Computing.,Learners will be able to apply Cloud Computing in practical IT tasks and demonstrate competency through assessment activities.,Cloud Computing,Cloud,Intermediate,10,15,Viva
CUR-185,TTC,Full Stack Development,Communication Module 185,Synthetic training module focusing on theoretical concepts and practical implementation of Communication.,Learners will be able to apply Communication in practical IT tasks and demonstrate competency through assessment activities.,Communication,Soft Skill,Beginner,12,15,Practical Exam
CUR-186,Polytechnic Training Unit,Database Management,Communication Module 186,Synthetic training module focusing on theoretical concepts and practical implementation of Communication.,Learners will be able to apply Communication in practical IT tasks and demonstrate competency through assessment activities.,Communication,Soft Skill,Beginner,10,15,Project
CUR-187,Polytechnic Training Unit,Cybersecurity,Software Testing Module 187,Synthetic training module focusing on theoretical concepts and practical implementation of Software Testing.,Learners will be able to apply Software Testing in practical IT tasks and demonstrate competency through assessment activities.,Software Testing,Testing,Intermediate,20,20,Written Exam
CUR-188,TVET Institute,Java Programming,Linux Module 188,Synthetic training module focusing on theoretical concepts and practical implementation of Linux.,Learners will be able to apply Linux in practical IT tasks and demonstrate competency through assessment activities.,Linux,Operating System,Advanced,10,25,Project
CUR-189,Technical Training Center,DevOps Essentials,Networking Module 189,Synthetic training module focusing on theoretical concepts and practical implementation of Networking.,Learners will be able to apply Networking in practical IT tasks and demonstrate competency through assessment activities.,Networking,Networking,Intermediate,12,25,Project
CUR-190,Polytechnic Training Unit,UI/UX Fundamentals,Linux Module 190,Synthetic training module focusing on theoretical concepts and practical implementation of Linux.,Learners will be able to apply Linux in practical IT tasks and demonstrate competency through assessment activities.,Linux,Operating System,Intermediate,20,25,Written Exam
CUR-191,TTC,Web Development,Node.js Module 191,Synthetic training module focusing on theoretical concepts and practical implementation of Node.js.,Learners will be able to apply Node.js in practical IT tasks and demonstrate competency through assessment activities.,Node.js,Web Development,Advanced,20,20,Project
CUR-192,TVET Institute,IT Support,React Module 192,Synthetic training module focusing on theoretical concepts and practical implementation of React.,Learners will be able to apply React in practical IT tasks and demonstrate competency through assessment activities.,React,Web Development,Intermediate,20,15,Practical Exam
CUR-193,TVET Institute,Java Programming,HTML Module 193,Synthetic training module focusing on theoretical concepts and practical implementation of HTML.,Learners will be able to apply HTML in practical IT tasks and demonstrate competency through assessment activities.,HTML,Web Development,Advanced,15,25,Practical Exam
CUR-194,Technical Training Center,Web Development,Cybersecurity Module 194,Synthetic training module focusing on theoretical concepts and practical implementation of Cybersecurity.,Learners will be able to apply Cybersecurity in practical IT tasks and demonstrate competency through assessment activities.,Cybersecurity,Cybersecurity,Intermediate,12,30,Written Exam
CUR-195,TTC,Software Testing,Teamwork Module 195,Synthetic training module focusing on theoretical concepts and practical implementation of Teamwork.,Learners will be able to apply Teamwork in practical IT tasks and demonstrate competency through assessment activities.,Teamwork,Soft Skill,Beginner,10,25,Practical Exam
CUR-196,Technical Training Center,Networking,React Module 196,Synthetic training module focusing on theoretical concepts and practical implementation of React.,Learners will be able to apply React in practical IT tasks and demonstrate competency through assessment activities.,React,Web Development,Advanced,12,25,Project
CUR-197,Polytechnic Training Unit,Web Development,JavaScript Module 197,Synthetic training module focusing on theoretical concepts and practical implementation of JavaScript.,Learners will be able to apply JavaScript in practical IT tasks and demonstrate competency through assessment activities.,JavaScript,Programming,Intermediate,12,15,Viva
CUR-198,Technical Training Center,DevOps Essentials,Java Module 198,Synthetic training module focusing on theoretical concepts and practical implementation of Java.,Learners will be able to apply Java in practical IT tasks and demonstrate competency through assessment activities.,Java,Programming,Intermediate,15,15,Written Exam
CUR-199,Technical Training Center,Full Stack Development,Java Module 199,Synthetic training module focusing on theoretical concepts and practical implementation of Java.,Learners will be able to apply Java in practical IT tasks and demonstrate competency through assessment activities.,Java,Programming,Intermediate,15,30,Viva
CUR-200,TTC,Python Programming,Node.js Module 200,Synthetic training module focusing on theoretical concepts and practical implementation of Node.js.,Learners will be able to apply Node.js in practical IT tasks and demonstrate competency through assessment activities.,Node.js,Web Development,Beginner,20,20,Written Exam
CUR-201,TVET Institute,Java Programming,Git Module 201,Synthetic training module focusing on theoretical concepts and practical implementation of Git.,Learners will be able to apply Git in practical IT tasks and demonstrate competency through assessment activities.,Git,Version Control,Intermediate,10,25,Practical Exam
CUR-202,TVET Institute,Full Stack Development,Software Testing Module 202,Synthetic training module focusing on theoretical concepts and practical implementation of Software Testing.,Learners will be able to apply Software Testing in practical IT tasks and demonstrate competency through assessment activities.,Software Testing,Testing,Beginner,12,25,Project
CUR-203,TTC,Web Development,Database Design Module 203,Synthetic training module focusing on theoretical concepts and practical implementation of Database Design.,Learners will be able to apply Database Design in practical IT tasks and demonstrate competency through assessment activities.,Database Design,Database,Beginner,12,15,Viva
CUR-204,TTC,DevOps Essentials,Networking Module 204,Synthetic training module focusing on theoretical concepts and practical implementation of Networking.,Learners will be able to apply Networking in practical IT tasks and demonstrate competency through assessment activities.,Networking,Networking,Beginner,10,15,Viva
CUR-205,TTC,IT Support,Java Module 205,Synthetic training module focusing on theoretical concepts and practical implementation of Java.,Learners will be able to apply Java in practical IT tasks and demonstrate competency through assessment activities.,Java,Programming,Intermediate,10,15,Viva
CUR-206,Polytechnic Training Unit,Java Programming,REST API Module 206,Synthetic training module focusing on theoretical concepts and practical implementation of REST API.,Learners will be able to apply REST API in practical IT tasks and demonstrate competency through assessment activities.,REST API,Web Development,Advanced,15,25,Practical Exam
CUR-207,Polytechnic Training Unit,Software Testing,Linux Module 207,Synthetic training module focusing on theoretical concepts and practical implementation of Linux.,Learners will be able to apply Linux in practical IT tasks and demonstrate competency through assessment activities.,Linux,Operating System,Beginner,10,30,Viva
CUR-208,Technical Training Center,Cloud Computing,Database Design Module 208,Synthetic training module focusing on theoretical concepts and practical implementation of Database Design.,Learners will be able to apply Database Design in practical IT tasks and demonstrate competency through assessment activities.,Database Design,Database,Advanced,12,30,Viva
CUR-209,Polytechnic Training Unit,Python Programming,Docker Module 209,Synthetic training module focusing on theoretical concepts and practical implementation of Docker.,Learners will be able to apply Docker in practical IT tasks and demonstrate competency through assessment activities.,Docker,DevOps,Intermediate,12,30,Written Exam
CUR-210,Polytechnic Training Unit,Database Management,Communication Module 210,Synthetic training module focusing on theoretical concepts and practical implementation of Communication.,Learners will be able to apply Communication in practical IT tasks and demonstrate competency through assessment activities.,Communication,Soft Skill,Intermediate,20,25,Viva
CUR-211,TTC,IT Support,React Module 211,Synthetic training module focusing on theoretical concepts and practical implementation of React.,Learners will be able to apply React in practical IT tasks and demonstrate competency through assessment activities.,React,Web Development,Intermediate,10,15,Project
CUR-212,TTC,Full Stack Development,Teamwork Module 212,Synthetic training module focusing on theoretical concepts and practical implementation of Teamwork.,Learners will be able to apply Teamwork in practical IT tasks and demonstrate competency through assessment activities.,Teamwork,Soft Skill,Beginner,12,30,Practical Exam
CUR-213,TTC,UI/UX Fundamentals,Communication Module 213,Synthetic training module focusing on theoretical concepts and practical implementation of Communication.,Learners will be able to apply Communication in practical IT tasks and demonstrate competency through assessment activities.,Communication,Soft Skill,Advanced,10,30,Practical Exam
CUR-214,Technical Training Center,Cloud Computing,Cloud Computing Module 214,Synthetic training module focusing on theoretical concepts and practical implementation of Cloud Computing.,Learners will be able to apply Cloud Computing in practical IT tasks and demonstrate competency through assessment activities.,Cloud Computing,Cloud,Advanced,20,25,Project
CUR-215,TTC,DevOps Essentials,Java Module 215,Synthetic training module focusing on theoretical concepts and practical implementation of Java.,Learners will be able to apply Java in practical IT tasks and demonstrate competency through assessment activities.,Java,Programming,Advanced,15,30,Viva
CUR-216,Polytechnic Training Unit,IT Support,Software Testing Module 216,Synthetic training module focusing on theoretical concepts and practical implementation of Software Testing.,Learners will be able to apply Software Testing in practical IT tasks and demonstrate competency through assessment activities.,Software Testing,Testing,Beginner,12,15,Project
CUR-217,TTC,Cloud Computing,Cybersecurity Module 217,Synthetic training module focusing on theoretical concepts and practical implementation of Cybersecurity.,Learners will be able to apply Cybersecurity in practical IT tasks and demonstrate competency through assessment activities.,Cybersecurity,Cybersecurity,Advanced,10,20,Project
CUR-218,Polytechnic Training Unit,Python Programming,Database Design Module 218,Synthetic training module focusing on theoretical concepts and practical implementation of Database Design.,Learners will be able to apply Database Design in practical IT tasks and demonstrate competency through assessment activities.,Database Design,Database,Intermediate,12,20,Viva
CUR-219,TTC,UI/UX Fundamentals,Node.js Module 219,Synthetic training module focusing on theoretical concepts and practical implementation of Node.js.,Learners will be able to apply Node.js in practical IT tasks and demonstrate competency through assessment activities.,Node.js,Web Development,Advanced,10,15,Project
CUR-220,Polytechnic Training Unit,Java Programming,SQL Module 220,Synthetic training module focusing on theoretical concepts and practical implementation of SQL.,Learners will be able to apply SQL in practical IT tasks and demonstrate competency through assessment activities.,SQL,Database,Advanced,20,15,Viva
CUR-221,TTC,Cybersecurity,Software Testing Module 221,Synthetic training module focusing on theoretical concepts and practical implementation of Software Testing.,Learners will be able to apply Software Testing in practical IT tasks and demonstrate competency through assessment activities.,Software Testing,Testing,Beginner,20,25,Project
CUR-222,Technical Training Center,Java Programming,Python Module 222,Synthetic training module focusing on theoretical concepts and practical implementation of Python.,Learners will be able to apply Python in practical IT tasks and demonstrate competency through assessment activities.,Python,Programming,Intermediate,12,25,Project
CUR-223,Technical Training Center,Web Development,Java Module 223,Synthetic training module focusing on theoretical concepts and practical implementation of Java.,Learners will be able to apply Java in practical IT tasks and demonstrate competency through assessment activities.,Java,Programming,Intermediate,12,15,Practical Exam
CUR-224,Technical Training Center,Cybersecurity,SQL Module 224,Synthetic training module focusing on theoretical concepts and practical implementation of SQL.,Learners will be able to apply SQL in practical IT tasks and demonstrate competency through assessment activities.,SQL,Database,Advanced,20,20,Project
CUR-225,TVET Institute,Cybersecurity,CSS Module 225,Synthetic training module focusing on theoretical concepts and practical implementation of CSS.,Learners will be able to apply CSS in practical IT tasks and demonstrate competency through assessment activities.,CSS,Web Development,Advanced,10,25,Practical Exam
CUR-226,Polytechnic Training Unit,Cloud Computing,Communication Module 226,Synthetic training module focusing on theoretical concepts and practical implementation of Communication.,Learners will be able to apply Communication in practical IT tasks and demonstrate competency through assessment activities.,Communication,Soft Skill,Intermediate,12,15,Written Exam
CUR-227,Polytechnic Training Unit,UI/UX Fundamentals,JavaScript Module 227,Synthetic training module focusing on theoretical concepts and practical implementation of JavaScript.,Learners will be able to apply JavaScript in practical IT tasks and demonstrate competency through assessment activities.,JavaScript,Programming,Beginner,15,20,Project
CUR-228,TVET Institute,Cybersecurity,Cybersecurity Module 228,Synthetic training module focusing on theoretical concepts and practical implementation of Cybersecurity.,Learners will be able to apply Cybersecurity in practical IT tasks and demonstrate competency through assessment activities.,Cybersecurity,Cybersecurity,Advanced,20,25,Written Exam
CUR-229,TTC,Networking,Cybersecurity Module 229,Synthetic training module focusing on theoretical concepts and practical implementation of Cybersecurity.,Learners will be able to apply Cybersecurity in practical IT tasks and demonstrate competency through assessment activities.,Cybersecurity,Cybersecurity,Intermediate,10,20,Viva
CUR-230,Technical Training Center,Java Programming,Software Testing Module 230,Synthetic training module focusing on theoretical concepts and practical implementation of Software Testing.,Learners will be able to apply Software Testing in practical IT tasks and demonstrate competency through assessment activities.,Software Testing,Testing,Intermediate,15,25,Practical Exam
CUR-231,TVET Institute,Networking,Cybersecurity Module 231,Synthetic training module focusing on theoretical concepts and practical implementation of Cybersecurity.,Learners will be able to apply Cybersecurity in practical IT tasks and demonstrate competency through assessment activities.,Cybersecurity,Cybersecurity,Beginner,12,25,Viva
CUR-232,Technical Training Center,Full Stack Development,Git Module 232,Synthetic training module focusing on theoretical concepts and practical implementation of Git.,Learners will be able to apply Git in practical IT tasks and demonstrate competency through assessment activities.,Git,Version Control,Advanced,20,25,Written Exam
CUR-233,TTC,Full Stack Development,Cloud Computing Module 233,Synthetic training module focusing on theoretical concepts and practical implementation of Cloud Computing.,Learners will be able to apply Cloud Computing in practical IT tasks and demonstrate competency through assessment activities.,Cloud Computing,Cloud,Beginner,20,20,Practical Exam
CUR-234,TTC,Python Programming,Software Testing Module 234,Synthetic training module focusing on theoretical concepts and practical implementation of Software Testing.,Learners will be able to apply Software Testing in practical IT tasks and demonstrate competency through assessment activities.,Software Testing,Testing,Beginner,20,25,Project
CUR-235,TTC,Networking,Database Design Module 235,Synthetic training module focusing on theoretical concepts and practical implementation of Database Design.,Learners will be able to apply Database Design in practical IT tasks and demonstrate competency through assessment activities.,Database Design,Database,Advanced,15,30,Project
CUR-236,Polytechnic Training Unit,IT Support,Linux Module 236,Synthetic training module focusing on theoretical concepts and practical implementation of Linux.,Learners will be able to apply Linux in practical IT tasks and demonstrate competency through assessment activities.,Linux,Operating System,Beginner,15,25,Viva
CUR-237,Polytechnic Training Unit,IT Support,HTML Module 237,Synthetic training module focusing on theoretical concepts and practical implementation of HTML.,Learners will be able to apply HTML in practical IT tasks and demonstrate competency through assessment activities.,HTML,Web Development,Beginner,12,25,Written Exam
CUR-238,Polytechnic Training Unit,Database Management,CSS Module 238,Synthetic training module focusing on theoretical concepts and practical implementation of CSS.,Learners will be able to apply CSS in practical IT tasks and demonstrate competency through assessment activities.,CSS,Web Development,Intermediate,12,20,Written Exam
CUR-239,TVET Institute,UI/UX Fundamentals,Linux Module 239,Synthetic training module focusing on theoretical concepts and practical implementation of Linux.,Learners will be able to apply Linux in practical IT tasks and demonstrate competency through assessment activities.,Linux,Operating System,Beginner,20,25,Viva
CUR-240,Polytechnic Training Unit,UI/UX Fundamentals,Problem Solving Module 240,Synthetic training module focusing on theoretical concepts and practical implementation of Problem Solving.,Learners will be able to apply Problem Solving in practical IT tasks and demonstrate competency through assessment activities.,Problem Solving,Soft Skill,Advanced,20,25,Viva
CUR-241,Technical Training Center,Software Testing,Problem Solving Module 241,Synthetic training module focusing on theoretical concepts and practical implementation of Problem Solving.,Learners will be able to apply Problem Solving in practical IT tasks and demonstrate competency through assessment activities.,Problem Solving,Soft Skill,Advanced,20,25,Written Exam
CUR-242,Polytechnic Training Unit,Cloud Computing,CSS Module 242,Synthetic training module focusing on theoretical concepts and practical implementation of CSS.,Learners will be able to apply CSS in practical IT tasks and demonstrate competency through assessment activities.,CSS,Web Development,Advanced,12,30,Practical Exam
CUR-243,Polytechnic Training Unit,UI/UX Fundamentals,Software Testing Module 243,Synthetic training module focusing on theoretical concepts and practical implementation of Software Testing.,Learners will be able to apply Software Testing in practical IT tasks and demonstrate competency through assessment activities.,Software Testing,Testing,Advanced,15,20,Practical Exam
CUR-244,Technical Training Center,Software Testing,Database Design Module 244,Synthetic training module focusing on theoretical concepts and practical implementation of Database Design.,Learners will be able to apply Database Design in practical IT tasks and demonstrate competency through assessment activities.,Database Design,Database,Advanced,20,25,Practical Exam
CUR-245,Polytechnic Training Unit,Full Stack Development,Cybersecurity Module 245,Synthetic training module focusing on theoretical concepts and practical implementation of Cybersecurity.,Learners will be able to apply Cybersecurity in practical IT tasks and demonstrate competency through assessment activities.,Cybersecurity,Cybersecurity,Beginner,10,20,Written Exam
CUR-246,Technical Training Center,Software Testing,Git Module 246,Synthetic training module focusing on theoretical concepts and practical implementation of Git.,Learners will be able to apply Git in practical IT tasks and demonstrate competency through assessment activities.,Git,Version Control,Intermediate,20,15,Project
CUR-247,Technical Training Center,Web Development,React Module 247,Synthetic training module focusing on theoretical concepts and practical implementation of React.,Learners will be able to apply React in practical IT tasks and demonstrate competency through assessment activities.,React,Web Development,Beginner,10,15,Viva
CUR-248,TVET Institute,Database Management,Teamwork Module 248,Synthetic training module focusing on theoretical concepts and practical implementation of Teamwork.,Learners will be able to apply Teamwork in practical IT tasks and demonstrate competency through assessment activities.,Teamwork,Soft Skill,Beginner,12,25,Viva
CUR-249,TVET Institute,Web Development,Software Testing Module 249,Synthetic training module focusing on theoretical concepts and practical implementation of Software Testing.,Learners will be able to apply Software Testing in practical IT tasks and demonstrate competency through assessment activities.,Software Testing,Testing,Beginner,12,30,Written Exam
CUR-250,Polytechnic Training Unit,UI/UX Fundamentals,Communication Module 250,Synthetic training module focusing on theoretical concepts and practical implementation of Communication.,Learners will be able to apply Communication in practical IT tasks and demonstrate competency through assessment activities.,Communication,Soft Skill,Advanced,20,15,Written Exam
