Job_ID,Job_Title,Job_Level,Company_Type,Job_Category,Required_Skill,Skill_Category,Experience,Education,Job_Description,Preferred_Skill,Employment_Type
JOB-001,Full Stack Developer,Entry,IT Services Company,Database,Git,Version Control,1-2 Years,Equivalent Qualification,"The candidate will work as a Full Stack Developer, develop solutions using Git, collaborate with cross-functional teams, maintain code quality, and contribute to software delivery.",AWS,Full-Time
JOB-002,Junior Software Engineer,Entry,Outsourcing Firm,Networking,Docker,DevOps,0-1 Years,Diploma in CSE,"The candidate will work as a Junior Software Engineer, develop solutions using Docker, collaborate with cross-functional teams, maintain code quality, and contribute to software delivery.",Scrum,Internship
JOB-003,QA Engineer,Mid,Outsourcing Firm,Networking,Docker,DevOps,1-2 Years,Diploma in CSE,"The candidate will work as a QA Engineer, develop solutions using Docker, collaborate with cross-functional teams, maintain code quality, and contribute to software delivery.",Git,Full-Time
JOB-004,Cloud Engineer,Mid,Outsourcing Firm,Cloud,Cybersecurity,Cybersecurity,1-2 Years,BSc in ICT,"The candidate will work as a Cloud Engineer, develop solutions using Cybersecurity, collaborate with cross-functional teams, maintain code quality, and contribute to software delivery.",Leadership,Full-Time
JOB-005,IT Support Engineer,Entry,IT Services Company,QA,Linux,Operating System,0-1 Years,Equivalent Qualification,"The candidate will work as a IT Support Engineer, develop solutions using Linux, collaborate with cross-functional teams, maintain code quality, and contribute to software delivery.",Leadership,Contract
JOB-006,DevOps Engineer,Entry,IT Services Company,Networking,Selenium,Testing,0-1 Years,BSc in ICT,"The candidate will work as a DevOps Engineer, develop solutions using Selenium, collaborate with cross-functional teams, maintain code quality, and contribute to software delivery.",AWS,Full-Time
JOB-007,Backend Developer,Junior,Outsourcing Firm,Development,AWS,Cloud,0-1 Years,Equivalent Qualification,"The candidate will work as a Backend Developer, develop solutions using AWS, collaborate with cross-functional teams, maintain code quality, and contribute to software delivery.",CI/CD,Full-Time
JOB-008,Full Stack Developer,Junior,Software Company,Support,Teamwork,Soft Skill,1-2 Years,Diploma in CSE,"The candidate will work as a Full Stack Developer, develop solutions using Teamwork, collaborate with cross-functional teams, maintain code quality, and contribute to software delivery.",AWS,Internship
JOB-009,Software Engineer,Junior,IT Services Company,Cybersecurity,MySQL,Database,1-2 Years,Diploma in CSE,"The candidate will work as a Software Engineer, develop solutions using MySQL, collaborate with cross-functional teams, maintain code quality, and contribute to software delivery.",AWS,Internship
JOB-010,Backend Developer,Junior,IT Services Company,Support,Java,Programming,2-3 Years,Diploma in CSE,"The candidate will work as a Backend Developer, develop solutions using Java, collaborate with cross-functional teams, maintain code quality, and contribute to software delivery.",Kubernetes,Internship
JOB-011,Cloud Engineer,Junior,Enterprise,QA,Java,Programming,2-3 Years,BSc in CSE,"The candidate will work as a Cloud Engineer, develop solutions using Java, collaborate with cross-functional teams, maintain code quality, and contribute to software delivery.",Agile,Full-Time
JOB-012,QA Engineer,Junior,Enterprise,Cloud,Cybersecurity,Cybersecurity,0-1 Years,BSc in ICT,"The candidate will work as a QA Engineer, develop solutions using Cybersecurity, collaborate with cross-functional teams, maintain code quality, and contribute to software delivery.",Agile,Internship
JOB-013,Frontend Developer,Mid,Enterprise,Development,Selenium,Testing,0-1 Years,BSc in ICT,"The candidate will work as a Frontend Developer, develop solutions using Selenium, collaborate with cross-functional teams, maintain code quality, and contribute to software delivery.",Communication,Contract
JOB-014,Software Engineer,Mid,Enterprise,QA,Node.js,Web Development,1-2 Years,Equivalent Qualification,"The candidate will work as a Software Engineer, develop solutions using Node.js, collaborate with cross-functional teams, maintain code quality, and contribute to software delivery.",Git,Contract
JOB-015,Full Stack Developer,Junior,Software Company,DevOps,Cybersecurity,Cybersecurity,0-1 Years,Equivalent Qualification,"The candidate will work as a Full Stack Developer, develop solutions using Cybersecurity, collaborate with cross-functional teams, maintain code quality, and contribute to software delivery.",Agile,Contract
JOB-016,Software Engineer,Mid,IT Services Company,Support,Networking,Networking,0-1 Years,Diploma in CSE,"The candidate will work as a Software Engineer, develop solutions using Networking, collaborate with cross-functional teams, maintain code quality, and contribute to software delivery.",Azure,Internship
JOB-017,IT Support Engineer,Mid,Outsourcing Firm,Cloud,Docker,DevOps,1-2 Years,BSc in ICT,"The candidate will work as a IT Support Engineer, develop solutions using Docker, collaborate with cross-functional teams, maintain code quality, and contribute to software delivery.",Scrum,Contract
JOB-018,QA Engineer,Junior,Software Company,Cloud,JavaScript,Programming,0-1 Years,Diploma in CSE,"The candidate will work as a QA Engineer, develop solutions using JavaScript, collaborate with cross-functional teams, maintain code quality, and contribute to software delivery.",Git,Contract
JOB-019,Junior Software Engineer,Mid,Outsourcing Firm,Cloud,JavaScript,Programming,1-2 Years,Diploma in CSE,"The candidate will work as a Junior Software Engineer, develop solutions using JavaScript, collaborate with cross-functional teams, maintain code quality, and contribute to software delivery.",CI/CD,Internship
JOB-020,IT Support Engineer,Junior,Startup,QA,Git,Version Control,0-1 Years,BSc in CSE,"The candidate will work as a IT Support Engineer, develop solutions using Git, collaborate with cross-functional teams, maintain code quality, and contribute to software delivery.",Leadership,Contract
JOB-021,Cloud Engineer,Junior,Startup,Networking,React,Web Development,0-1 Years,Equivalent Qualification,"The candidate will work as a Cloud Engineer, develop solutions using React, collaborate with cross-functional teams, maintain code quality, and contribute to software delivery.",Docker,Full-Time
JOB-022,Software Engineer,Entry,Outsourcing Firm,Networking,Teamwork,Soft Skill,2-3 Years,Diploma in CSE,"The candidate will work as a Software Engineer, develop solutions using Teamwork, collaborate with cross-functional teams, maintain code quality, and contribute to software delivery.",Leadership,Full-Time
JOB-023,Backend Developer,Junior,Outsourcing Firm,Support,Jenkins,DevOps,1-2 Years,Diploma in CSE,"The candidate will work as a Backend Developer, develop solutions using Jenkins, collaborate with cross-functional teams, maintain code quality, and contribute to software delivery.",Leadership,Full-Time
JOB-024,Cybersecurity Analyst,Junior,Enterprise,Networking,Selenium,Testing,2-3 Years,Equivalent Qualification,"The candidate will work as a Cybersecurity Analyst, develop solutions using Selenium, collaborate with cross-functional teams, maintain code quality, and contribute to software delivery.",Leadership,Internship
JOB-025,Software Engineer,Junior,Outsourcing Firm,Cloud,SQL,Database,2-3 Years,BSc in CSE,"The candidate will work as a Software Engineer, develop solutions using SQL, collaborate with cross-functional teams, maintain code quality, and contribute to software delivery.",Scrum,Contract
JOB-026,Frontend Developer,Entry,Startup,Database,React,Web Development,0-1 Years,Diploma in CSE,"The candidate will work as a Frontend Developer, develop solutions using React, collaborate with cross-functional teams, maintain code quality, and contribute to software delivery.",Git,Full-Time
JOB-027,Cybersecurity Analyst,Entry,Software Company,Cloud,Cybersecurity,Cybersecurity,1-2 Years,Equivalent Qualification,"The candidate will work as a Cybersecurity Analyst, develop solutions using Cybersecurity, collaborate with cross-functional teams, maintain code quality, and contribute to software delivery.",Agile,Full-Time
JOB-028,QA Engineer,Entry,Software Company,DevOps,Networking,Networking,2-3 Years,BSc in ICT,"The candidate will work as a QA Engineer, develop solutions using Networking, collaborate with cross-functional teams, maintain code quality, and contribute to software delivery.",Agile,Contract
JOB-029,Frontend Developer,Entry,Outsourcing Firm,Database,Python,Programming,2-3 Years,Diploma in CSE,"The candidate will work as a Frontend Developer, develop solutions using Python, collaborate with cross-functional teams, maintain code quality, and contribute to software delivery.",Kubernetes,Contract
JOB-030,DevOps Engineer,Mid,IT Services Company,QA,Java,Programming,2-3 Years,BSc in ICT,"The candidate will work as a DevOps Engineer, develop solutions using Java, collaborate with cross-functional teams, maintain code quality, and contribute to software delivery.",Scrum,Full-Time
JOB-031,QA Engineer,Mid,Software Company,Database,React,Web Development,1-2 Years,Equivalent Qualification,"The candidate will work as a QA Engineer, develop solutions using React, collaborate with cross-functional teams, maintain code quality, and contribute to software delivery.",Leadership,Contract
JOB-032,Database Engineer,Junior,Outsourcing Firm,Support,Cybersecurity,Cybersecurity,0-1 Years,BSc in CSE,"The candidate will work as a Database Engineer, develop solutions using Cybersecurity, collaborate with cross-functional teams, maintain code quality, and contribute to software delivery.",Azure,Full-Time
JOB-033,Frontend Developer,Mid,Software Company,Cloud,Python,Programming,2-3 Years,Diploma in CSE,"The candidate will work as a Frontend Developer, develop solutions using Python, collaborate with cross-functional teams, maintain code quality, and contribute to software delivery.",AWS,Internship
JOB-034,Backend Developer,Entry,IT Services Company,Support,React,Web Development,0-1 Years,BSc in ICT,"The candidate will work as a Backend Developer, develop solutions using React, collaborate with cross-functional teams, maintain code quality, and contribute to software delivery.",Git,Full-Time
JOB-035,Full Stack Developer,Entry,Enterprise,Database,Networking,Networking,1-2 Years,BSc in CSE,"The candidate will work as a Full Stack Developer, develop solutions using Networking, collaborate with cross-functional teams, maintain code quality, and contribute to software delivery.",Docker,Full-Time
JOB-036,Frontend Developer,Junior,Software Company,Cloud,Selenium,Testing,1-2 Years,BSc in CSE,"The candidate will work as a Frontend Developer, develop solutions using Selenium, collaborate with cross-functional teams, maintain code quality, and contribute to software delivery.",Azure,Internship
JOB-037,Cloud Engineer,Mid,IT Services Company,Development,SQL,Database,0-1 Years,BSc in ICT,"The candidate will work as a Cloud Engineer, develop solutions using SQL, collaborate with cross-functional teams, maintain code quality, and contribute to software delivery.",Scrum,Internship
JOB-038,Database Engineer,Entry,Startup,Cloud,Docker,DevOps,0-1 Years,Equivalent Qualification,"The candidate will work as a Database Engineer, develop solutions using Docker, collaborate with cross-functional teams, maintain code quality, and contribute to software delivery.",Git,Internship
JOB-039,IT Support Engineer,Junior,Outsourcing Firm,Database,React,Web Development,0-1 Years,Equivalent Qualification,"The candidate will work as a IT Support Engineer, develop solutions using React, collaborate with cross-functional teams, maintain code quality, and contribute to software delivery.",Docker,Internship
JOB-040,Full Stack Developer,Entry,IT Services Company,QA,Docker,DevOps,0-1 Years,BSc in ICT,"The candidate will work as a Full Stack Developer, develop solutions using Docker, collaborate with cross-functional teams, maintain code quality, and contribute to software delivery.",Kubernetes,Full-Time
JOB-041,QA Engineer,Mid,IT Services Company,Cloud,Linux,Operating System,1-2 Years,BSc in CSE,"The candidate will work as a QA Engineer, develop solutions using Linux, collaborate with cross-functional teams, maintain code quality, and contribute to software delivery.",Leadership,Internship
JOB-042,Network Engineer,Mid,IT Services Company,Support,Node.js,Web Development,0-1 Years,BSc in ICT,"The candidate will work as a Network Engineer, develop solutions using Node.js, collaborate with cross-functional teams, maintain code quality, and contribute to software delivery.",Communication,Contract
JOB-043,Network Engineer,Junior,IT Services Company,Development,MongoDB,Database,2-3 Years,BSc in CSE,"The candidate will work as a Network Engineer, develop solutions using MongoDB, collaborate with cross-functional teams, maintain code quality, and contribute to software delivery.",Git,Contract
JOB-044,DevOps Engineer,Entry,Outsourcing Firm,QA,Cybersecurity,Cybersecurity,1-2 Years,Diploma in CSE,"The candidate will work as a DevOps Engineer, develop solutions using Cybersecurity, collaborate with cross-functional teams, maintain code quality, and contribute to software delivery.",Kubernetes,Contract
JOB-045,Cybersecurity Analyst,Junior,Enterprise,Development,Jenkins,DevOps,0-1 Years,BSc in CSE,"The candidate will work as a Cybersecurity Analyst, develop solutions using Jenkins, collaborate with cross-functional teams, maintain code quality, and contribute to software delivery.",Leadership,Full-Time
JOB-046,Full Stack Developer,Entry,Software Company,QA,Linux,Operating System,0-1 Years,BSc in CSE,"The candidate will work as a Full Stack Developer, develop solutions using Linux, collaborate with cross-functional teams, maintain code quality, and contribute to software delivery.",Scrum,Contract
JOB-047,Backend Developer,Mid,Startup,Networking,Docker,DevOps,0-1 Years,BSc in CSE,"The candidate will work as a Backend Developer, develop solutions using Docker, collaborate with cross-functional teams, maintain code quality, and contribute to software delivery.",Agile,Contract
JOB-048,Network Engineer,Entry,Outsourcing Firm,Support,Jenkins,DevOps,0-1 Years,Diploma in CSE,"The candidate will work as a Network Engineer, develop solutions using Jenkins, collaborate with cross-functional teams, maintain code quality, and contribute to software delivery.",Docker,Full-Time
JOB-049,QA Engineer,Entry,Software Company,Database,MongoDB,Database,0-1 Years,Diploma in CSE,"The candidate will work as a QA Engineer, develop solutions using MongoDB, collaborate with cross-functional teams, maintain code quality, and contribute to software delivery.",Azure,Full-Time
JOB-050,DevOps Engineer,Mid,Outsourcing Firm,Development,Jenkins,DevOps,1-2 Years,Diploma in CSE,"The candidate will work as a DevOps Engineer, develop solutions using Jenkins, collaborate with cross-functional teams, maintain code quality, and contribute to software delivery.",CI/CD,Full-Time
JOB-051,Cloud Engineer,Mid,Software Company,Support,JavaScript,Programming,0-1 Years,BSc in CSE,"The candidate will work as a Cloud Engineer, develop solutions using JavaScript, collaborate with cross-functional teams, maintain code quality, and contribute to software delivery.",Git,Contract
JOB-052,Database Engineer,Entry,Enterprise,Database,Teamwork,Soft Skill,2-3 Years,BSc in CSE,"The candidate will work as a Database Engineer, develop solutions using Teamwork, collaborate with cross-functional teams, maintain code quality, and contribute to software delivery.",Docker,Full-Time
JOB-053,QA Engineer,Mid,Outsourcing Firm,Cybersecurity,Problem Solving,Soft Skill,2-3 Years,BSc in ICT,"The candidate will work as a QA Engineer, develop solutions using Problem Solving, collaborate with cross-functional teams, maintain code quality, and contribute to software delivery.",Azure,Full-Time
JOB-054,Junior Software Engineer,Junior,Outsourcing Firm,DevOps,Problem Solving,Soft Skill,2-3 Years,BSc in CSE,"The candidate will work as a Junior Software Engineer, develop solutions using Problem Solving, collaborate with cross-functional teams, maintain code quality, and contribute to software delivery.",AWS,Full-Time
JOB-055,Junior Software Engineer,Entry,Enterprise,QA,Networking,Networking,2-3 Years,Equivalent Qualification,"The candidate will work as a Junior Software Engineer, develop solutions using Networking, collaborate with cross-functional teams, maintain code quality, and contribute to software delivery.",Leadership,Full-Time
JOB-056,Cybersecurity Analyst,Junior,IT Services Company,Development,MySQL,Database,1-2 Years,BSc in CSE,"The candidate will work as a Cybersecurity Analyst, develop solutions using MySQL, collaborate with cross-functional teams, maintain code quality, and contribute to software delivery.",Communication,Contract
JOB-057,Junior Software Engineer,Junior,Enterprise,Cybersecurity,Cybersecurity,Cybersecurity,1-2 Years,Diploma in CSE,"The candidate will work as a Junior Software Engineer, develop solutions using Cybersecurity, collaborate with cross-functional teams, maintain code quality, and contribute to software delivery.",Azure,Contract
JOB-058,Frontend Developer,Junior,IT Services Company,DevOps,Selenium,Testing,0-1 Years,BSc in CSE,"The candidate will work as a Frontend Developer, develop solutions using Selenium, collaborate with cross-functional teams, maintain code quality, and contribute to software delivery.",Agile,Internship
JOB-059,Network Engineer,Entry,IT Services Company,Support,Python,Programming,1-2 Years,BSc in CSE,"The candidate will work as a Network Engineer, develop solutions using Python, collaborate with cross-functional teams, maintain code quality, and contribute to software delivery.",Git,Internship
JOB-060,Frontend Developer,Mid,Outsourcing Firm,Cloud,Jenkins,DevOps,1-2 Years,Diploma in CSE,"The candidate will work as a Frontend Developer, develop solutions using Jenkins, collaborate with cross-functional teams, maintain code quality, and contribute to software delivery.",CI/CD,Contract
JOB-061,DevOps Engineer,Mid,Software Company,Cloud,MySQL,Database,2-3 Years,Equivalent Qualification,"The candidate will work as a DevOps Engineer, develop solutions using MySQL, collaborate with cross-functional teams, maintain code quality, and contribute to software delivery.",Kubernetes,Contract
JOB-062,Network Engineer,Entry,Outsourcing Firm,Development,Java,Programming,2-3 Years,Equivalent Qualification,"The candidate will work as a Network Engineer, develop solutions using Java, collaborate with cross-functional teams, maintain code quality, and contribute to software delivery.",Docker,Contract
JOB-063,QA Engineer,Entry,Software Company,Database,Problem Solving,Soft Skill,0-1 Years,BSc in CSE,"The candidate will work as a QA Engineer, develop solutions using Problem Solving, collaborate with cross-functional teams, maintain code quality, and contribute to software delivery.",Communication,Internship
JOB-064,Network Engineer,Mid,Outsourcing Firm,Networking,MongoDB,Database,0-1 Years,BSc in CSE,"The candidate will work as a Network Engineer, develop solutions using MongoDB, collaborate with cross-functional teams, maintain code quality, and contribute to software delivery.",AWS,Contract
JOB-065,DevOps Engineer,Entry,Outsourcing Firm,QA,Selenium,Testing,2-3 Years,Equivalent Qualification,"The candidate will work as a DevOps Engineer, develop solutions using Selenium, collaborate with cross-functional teams, maintain code quality, and contribute to software delivery.",Agile,Internship
JOB-066,Database Engineer,Mid,Startup,Support,Docker,DevOps,2-3 Years,BSc in CSE,"The candidate will work as a Database Engineer, develop solutions using Docker, collaborate with cross-functional teams, maintain code quality, and contribute to software delivery.",Kubernetes,Internship
JOB-067,IT Support Engineer,Mid,IT Services Company,Cybersecurity,SQL,Database,2-3 Years,BSc in ICT,"The candidate will work as a IT Support Engineer, develop solutions using SQL, collaborate with cross-functional teams, maintain code quality, and contribute to software delivery.",Docker,Internship
JOB-068,Network Engineer,Entry,Outsourcing Firm,QA,Problem Solving,Soft Skill,2-3 Years,Equivalent Qualification,"The candidate will work as a Network Engineer, develop solutions using Problem Solving, collaborate with cross-functional teams, maintain code quality, and contribute to software delivery.",Communication,Internship
JOB-069,Network Engineer,Entry,Outsourcing Firm,Development,Java,Programming,0-1 Years,BSc in ICT,"The candidate will work as a Network Engineer, develop solutions using Java, collaborate with cross-functional teams, maintain code quality, and contribute to software delivery.",Agile,Contract
JOB-070,Network Engineer,Junior,Enterprise,Networking,Java,Programming,2-3 Years,BSc in ICT,"The candidate will work as a Network Engineer, develop solutions using Java, collaborate with cross-functional teams, maintain code quality, and contribute to software delivery.",Agile,Full-Time
JOB-071,Software Engineer,Entry,Startup,Development,AWS,Cloud,1-2 Years,BSc in ICT,"The candidate will work as a Software Engineer, develop solutions using AWS, collaborate with cross-functional teams, maintain code quality, and contribute to software delivery.",CI/CD,Full-Time
JOB-072,Network Engineer,Mid,Startup,Development,MongoDB,Database,2-3 Years,Diploma in CSE,"The candidate will work as a Network Engineer, develop solutions using MongoDB, collaborate with cross-functional teams, maintain code quality, and contribute to software delivery.",Git,Full-Time
JOB-073,QA Engineer,Mid,Outsourcing Firm,Development,Java,Programming,1-2 Years,Diploma in CSE,"The candidate will work as a QA Engineer, develop solutions using Java, collaborate with cross-functional teams, maintain code quality, and contribute to software delivery.",Scrum,Internship
JOB-074,QA Engineer,Mid,IT Services Company,Development,AWS,Cloud,2-3 Years,BSc in ICT,"The candidate will work as a QA Engineer, develop solutions using AWS, collaborate with cross-functional teams, maintain code quality, and contribute to software delivery.",Leadership,Internship
JOB-075,Software Engineer,Junior,Outsourcing Firm,Networking,JavaScript,Programming,1-2 Years,Diploma in CSE,"The candidate will work as a Software Engineer, develop solutions using JavaScript, collaborate with cross-functional teams, maintain code quality, and contribute to software delivery.",CI/CD,Full-Time
JOB-076,IT Support Engineer,Junior,Outsourcing Firm,Cybersecurity,Selenium,Testing,2-3 Years,BSc in CSE,"The candidate will work as a IT Support Engineer, develop solutions using Selenium, collaborate with cross-functional teams, maintain code quality, and contribute to software delivery.",Scrum,Full-Time
JOB-077,Cloud Engineer,Mid,Startup,Cybersecurity,JavaScript,Programming,0-1 Years,Equivalent Qualification,"The candidate will work as a Cloud Engineer, develop solutions using JavaScript, collaborate with cross-functional teams, maintain code quality, and contribute to software delivery.",Scrum,Contract
JOB-078,Software Engineer,Mid,Enterprise,Networking,Communication,Soft Skill,0-1 Years,BSc in CSE,"The candidate will work as a Software Engineer, develop solutions using Communication, collaborate with cross-functional teams, maintain code quality, and contribute to software delivery.",Docker,Full-Time
JOB-079,Database Engineer,Entry,Startup,Networking,MySQL,Database,2-3 Years,Equivalent Qualification,"The candidate will work as a Database Engineer, develop solutions using MySQL, collaborate with cross-functional teams, maintain code quality, and contribute to software delivery.",Communication,Full-Time
JOB-080,Software Engineer,Entry,Outsourcing Firm,Development,Communication,Soft Skill,1-2 Years,Equivalent Qualification,"The candidate will work as a Software Engineer, develop solutions using Communication, collaborate with cross-functional teams, maintain code quality, and contribute to software delivery.",AWS,Contract
JOB-081,Software Engineer,Mid,Startup,Cloud,Python,Programming,0-1 Years,Diploma in CSE,"The candidate will work as a Software Engineer, develop solutions using Python, collaborate with cross-functional teams, maintain code quality, and contribute to software delivery.",CI/CD,Contract
JOB-082,Junior Software Engineer,Junior,IT Services Company,QA,Teamwork,Soft Skill,0-1 Years,Diploma in CSE,"The candidate will work as a Junior Software Engineer, develop solutions using Teamwork, collaborate with cross-functional teams, maintain code quality, and contribute to software delivery.",Agile,Internship
JOB-083,Cybersecurity Analyst,Junior,Software Company,Development,Docker,DevOps,0-1 Years,BSc in CSE,"The candidate will work as a Cybersecurity Analyst, develop solutions using Docker, collaborate with cross-functional teams, maintain code quality, and contribute to software delivery.",Scrum,Internship
JOB-084,Full Stack Developer,Junior,Startup,Cybersecurity,React,Web Development,0-1 Years,Equivalent Qualification,"The candidate will work as a Full Stack Developer, develop solutions using React, collaborate with cross-functional teams, maintain code quality, and contribute to software delivery.",Leadership,Contract
JOB-085,Cybersecurity Analyst,Junior,IT Services Company,QA,Problem Solving,Soft Skill,2-3 Years,Equivalent Qualification,"The candidate will work as a Cybersecurity Analyst, develop solutions using Problem Solving, collaborate with cross-functional teams, maintain code quality, and contribute to software delivery.",Azure,Internship
JOB-086,Full Stack Developer,Entry,Software Company,Database,Linux,Operating System,2-3 Years,Equivalent Qualification,"The candidate will work as a Full Stack Developer, develop solutions using Linux, collaborate with cross-functional teams, maintain code quality, and contribute to software delivery.",CI/CD,Contract
JOB-087,Cybersecurity Analyst,Junior,Outsourcing Firm,Development,JavaScript,Programming,1-2 Years,Diploma in CSE,"The candidate will work as a Cybersecurity Analyst, develop solutions using JavaScript, collaborate with cross-functional teams, maintain code quality, and contribute to software delivery.",AWS,Full-Time
JOB-088,Database Engineer,Junior,Startup,Cybersecurity,Git,Version Control,0-1 Years,BSc in ICT,"The candidate will work as a Database Engineer, develop solutions using Git, collaborate with cross-functional teams, maintain code quality, and contribute to software delivery.",Docker,Internship
JOB-089,DevOps Engineer,Mid,Startup,Networking,Networking,Networking,1-2 Years,Diploma in CSE,"The candidate will work as a DevOps Engineer, develop solutions using Networking, collaborate with cross-functional teams, maintain code quality, and contribute to software delivery.",AWS,Internship
JOB-090,Software Engineer,Junior,Startup,Database,Linux,Operating System,2-3 Years,BSc in CSE,"The candidate will work as a Software Engineer, develop solutions using Linux, collaborate with cross-functional teams, maintain code quality, and contribute to software delivery.",Azure,Internship
JOB-091,Cloud Engineer,Entry,Startup,DevOps,Problem Solving,Soft Skill,2-3 Years,Diploma in CSE,"The candidate will work as a Cloud Engineer, develop solutions using Problem Solving, collaborate with cross-functional teams, maintain code quality, and contribute to software delivery.",Communication,Full-Time
JOB-092,Software Engineer,Entry,Outsourcing Firm,Cloud,MySQL,Database,1-2 Years,Equivalent Qualification,"The candidate will work as a Software Engineer, develop solutions using MySQL, collaborate with cross-functional teams, maintain code quality, and contribute to software delivery.",Agile,Internship
JOB-093,Software Engineer,Mid,IT Services Company,Networking,MongoDB,Database,0-1 Years,BSc in CSE,"The candidate will work as a Software Engineer, develop solutions using MongoDB, collaborate with cross-functional teams, maintain code quality, and contribute to software delivery.",Agile,Contract
JOB-094,Frontend Developer,Junior,IT Services Company,Cybersecurity,Git,Version Control,0-1 Years,Diploma in CSE,"The candidate will work as a Frontend Developer, develop solutions using Git, collaborate with cross-functional teams, maintain code quality, and contribute to software delivery.",Agile,Full-Time
JOB-095,Full Stack Developer,Entry,Outsourcing Firm,Database,Problem Solving,Soft Skill,0-1 Years,BSc in ICT,"The candidate will work as a Full Stack Developer, develop solutions using Problem Solving, collaborate with cross-functional teams, maintain code quality, and contribute to software delivery.",Scrum,Full-Time
JOB-096,IT Support Engineer,Entry,IT Services Company,Networking,Node.js,Web Development,2-3 Years,Diploma in CSE,"The candidate will work as a IT Support Engineer, develop solutions using Node.js, collaborate with cross-functional teams, maintain code quality, and contribute to software delivery.",Leadership,Full-Time
JOB-097,Full Stack Developer,Junior,Startup,QA,React,Web Development,2-3 Years,BSc in ICT,"The candidate will work as a Full Stack Developer, develop solutions using React, collaborate with cross-functional teams, maintain code quality, and contribute to software delivery.",Docker,Full-Time
JOB-098,Backend Developer,Entry,Software Company,QA,MongoDB,Database,1-2 Years,BSc in ICT,"The candidate will work as a Backend Developer, develop solutions using MongoDB, collaborate with cross-functional teams, maintain code quality, and contribute to software delivery.",Leadership,Full-Time
JOB-099,Backend Developer,Junior,Software Company,Development,JavaScript,Programming,2-3 Years,BSc in CSE,"The candidate will work as a Backend Developer, develop solutions using JavaScript, collaborate with cross-functional teams, maintain code quality, and contribute to software delivery.",AWS,Full-Time
JOB-100,IT Support Engineer,Entry,Software Company,Support,React,Web Development,1-2 Years,Diploma in CSE,"The candidate will work as a IT Support Engineer, develop solutions using React, collaborate with cross-functional teams, maintain code quality, and contribute to software delivery.",AWS,Full-Time
JOB-101,Database Engineer,Junior,Startup,Cloud,Problem Solving,Soft Skill,2-3 Years,Equivalent Qualification,"The candidate will work as a Database Engineer, develop solutions using Problem Solving, collaborate with cross-functional teams, maintain code quality, and contribute to software delivery.",Docker,Contract
JOB-102,DevOps Engineer,Entry,Startup,Cybersecurity,Problem Solving,Soft Skill,1-2 Years,Diploma in CSE,"The candidate will work as a DevOps Engineer, develop solutions using Problem Solving, collaborate with cross-functional teams, maintain code quality, and contribute to software delivery.",Git,Full-Time
JOB-103,Full Stack Developer,Entry,Startup,Development,Networking,Networking,0-1 Years,Diploma in CSE,"The candidate will work as a Full Stack Developer, develop solutions using Networking, collaborate with cross-functional teams, maintain code quality, and contribute to software delivery.",Docker,Contract
JOB-104,Database Engineer,Mid,Enterprise,Cybersecurity,React,Web Development,2-3 Years,BSc in ICT,"The candidate will work as a Database Engineer, develop solutions using React, collaborate with cross-functional teams, maintain code quality, and contribute to software delivery.",Kubernetes,Full-Time
JOB-105,IT Support Engineer,Entry,Enterprise,Database,Git,Version Control,2-3 Years,BSc in ICT,"The candidate will work as a IT Support Engineer, develop solutions using Git, collaborate with cross-functional teams, maintain code quality, and contribute to software delivery.",AWS,Contract
JOB-106,QA Engineer,Entry,IT Services Company,Networking,Selenium,Testing,2-3 Years,Diploma in CSE,"The candidate will work as a QA Engineer, develop solutions using Selenium, collaborate with cross-functional teams, maintain code quality, and contribute to software delivery.",Kubernetes,Contract
JOB-107,Frontend Developer,Mid,Enterprise,Development,Java,Programming,0-1 Years,Equivalent Qualification,"The candidate will work as a Frontend Developer, develop solutions using Java, collaborate with cross-functional teams, maintain code quality, and contribute to software delivery.",Agile,Full-Time
JOB-108,Database Engineer,Junior,IT Services Company,Support,SQL,Database,2-3 Years,BSc in ICT,"The candidate will work as a Database Engineer, develop solutions using SQL, collaborate with cross-functional teams, maintain code quality, and contribute to software delivery.",Communication,Internship
JOB-109,Network Engineer,Mid,Software Company,Networking,Jenkins,DevOps,1-2 Years,BSc in ICT,"The candidate will work as a Network Engineer, develop solutions using Jenkins, collaborate with cross-functional teams, maintain code quality, and contribute to software delivery.",CI/CD,Contract
JOB-110,Cybersecurity Analyst,Mid,Enterprise,Cloud,MySQL,Database,1-2 Years,BSc in ICT,"The candidate will work as a Cybersecurity Analyst, develop solutions using MySQL, collaborate with cross-functional teams, maintain code quality, and contribute to software delivery.",Communication,Full-Time
JOB-111,Software Engineer,Entry,Software Company,Cybersecurity,JavaScript,Programming,0-1 Years,BSc in CSE,"The candidate will work as a Software Engineer, develop solutions using JavaScript, collaborate with cross-functional teams, maintain code quality, and contribute to software delivery.",Azure,Full-Time
JOB-112,Software Engineer,Entry,Startup,Database,JavaScript,Programming,2-3 Years,BSc in CSE,"The candidate will work as a Software Engineer, develop solutions using JavaScript, collaborate with cross-functional teams, maintain code quality, and contribute to software delivery.",CI/CD,Full-Time
JOB-113,DevOps Engineer,Entry,Software Company,Support,REST API,Web Development,2-3 Years,BSc in ICT,"The candidate will work as a DevOps Engineer, develop solutions using REST API, collaborate with cross-functional teams, maintain code quality, and contribute to software delivery.",Agile,Internship
JOB-114,Backend Developer,Junior,Software Company,Cloud,Git,Version Control,0-1 Years,Diploma in CSE,"The candidate will work as a Backend Developer, develop solutions using Git, collaborate with cross-functional teams, maintain code quality, and contribute to software delivery.",Scrum,Full-Time
JOB-115,Cloud Engineer,Entry,Outsourcing Firm,Development,Teamwork,Soft Skill,2-3 Years,Diploma in CSE,"The candidate will work as a Cloud Engineer, develop solutions using Teamwork, collaborate with cross-functional teams, maintain code quality, and contribute to software delivery.",Communication,Full-Time
JOB-116,Cloud Engineer,Entry,Software Company,Support,Teamwork,Soft Skill,1-2 Years,BSc in ICT,"The candidate will work as a Cloud Engineer, develop solutions using Teamwork, collaborate with cross-functional teams, maintain code quality, and contribute to software delivery.",Git,Contract
JOB-117,QA Engineer,Entry,IT Services Company,DevOps,Docker,DevOps,0-1 Years,Equivalent Qualification,"The candidate will work as a QA Engineer, develop solutions using Docker, collaborate with cross-functional teams, maintain code quality, and contribute to software delivery.",CI/CD,Contract
JOB-118,Junior Software Engineer,Entry,Enterprise,Cybersecurity,Node.js,Web Development,2-3 Years,BSc in ICT,"The candidate will work as a Junior Software Engineer, develop solutions using Node.js, collaborate with cross-functional teams, maintain code quality, and contribute to software delivery.",Azure,Contract
JOB-119,Software Engineer,Junior,Enterprise,Cloud,React,Web Development,1-2 Years,Diploma in CSE,"The candidate will work as a Software Engineer, develop solutions using React, collaborate with cross-functional teams, maintain code quality, and contribute to software delivery.",Docker,Internship
JOB-120,Cloud Engineer,Entry,Startup,DevOps,MySQL,Database,0-1 Years,BSc in ICT,"The candidate will work as a Cloud Engineer, develop solutions using MySQL, collaborate with cross-functional teams, maintain code quality, and contribute to software delivery.",Communication,Internship
JOB-121,QA Engineer,Mid,Outsourcing Firm,Networking,Jenkins,DevOps,1-2 Years,BSc in ICT,"The candidate will work as a QA Engineer, develop solutions using Jenkins, collaborate with cross-functional teams, maintain code quality, and contribute to software delivery.",Kubernetes,Full-Time
JOB-122,Full Stack Developer,Junior,Startup,DevOps,Python,Programming,1-2 Years,Diploma in CSE,"The candidate will work as a Full Stack Developer, develop solutions using Python, collaborate with cross-functional teams, maintain code quality, and contribute to software delivery.",Scrum,Contract
JOB-123,Junior Software Engineer,Junior,Software Company,Cloud,MongoDB,Database,0-1 Years,BSc in ICT,"The candidate will work as a Junior Software Engineer, develop solutions using MongoDB, collaborate with cross-functional teams, maintain code quality, and contribute to software delivery.",AWS,Contract
JOB-124,Backend Developer,Mid,Outsourcing Firm,Development,MySQL,Database,1-2 Years,BSc in CSE,"The candidate will work as a Backend Developer, develop solutions using MySQL, collaborate with cross-functional teams, maintain code quality, and contribute to software delivery.",CI/CD,Internship
JOB-125,Cloud Engineer,Mid,IT Services Company,Database,MySQL,Database,0-1 Years,BSc in ICT,"The candidate will work as a Cloud Engineer, develop solutions using MySQL, collaborate with cross-functional teams, maintain code quality, and contribute to software delivery.",Kubernetes,Internship
JOB-126,Frontend Developer,Entry,Enterprise,Cybersecurity,Git,Version Control,2-3 Years,BSc in ICT,"The candidate will work as a Frontend Developer, develop solutions using Git, collaborate with cross-functional teams, maintain code quality, and contribute to software delivery.",Leadership,Internship
JOB-127,Junior Software Engineer,Entry,IT Services Company,Networking,Problem Solving,Soft Skill,1-2 Years,Diploma in CSE,"The candidate will work as a Junior Software Engineer, develop solutions using Problem Solving, collaborate with cross-functional teams, maintain code quality, and contribute to software delivery.",AWS,Internship
JOB-128,Junior Software Engineer,Mid,Software Company,Cloud,MongoDB,Database,0-1 Years,Equivalent Qualification,"The candidate will work as a Junior Software Engineer, develop solutions using MongoDB, collaborate with cross-functional teams, maintain code quality, and contribute to software delivery.",Scrum,Contract
JOB-129,Full Stack Developer,Entry,Startup,Networking,React,Web Development,1-2 Years,Equivalent Qualification,"The candidate will work as a Full Stack Developer, develop solutions using React, collaborate with cross-functional teams, maintain code quality, and contribute to software delivery.",Scrum,Contract
JOB-130,Cloud Engineer,Entry,Outsourcing Firm,Support,Docker,DevOps,0-1 Years,BSc in CSE,"The candidate will work as a Cloud Engineer, develop solutions using Docker, collaborate with cross-functional teams, maintain code quality, and contribute to software delivery.",Kubernetes,Full-Time
JOB-131,Full Stack Developer,Entry,Enterprise,Networking,Git,Version Control,2-3 Years,BSc in ICT,"The candidate will work as a Full Stack Developer, develop solutions using Git, collaborate with cross-functional teams, maintain code quality, and contribute to software delivery.",Kubernetes,Internship
JOB-132,Network Engineer,Junior,Startup,Support,Linux,Operating System,1-2 Years,Equivalent Qualification,"The candidate will work as a Network Engineer, develop solutions using Linux, collaborate with cross-functional teams, maintain code quality, and contribute to software delivery.",Agile,Full-Time
JOB-133,Cybersecurity Analyst,Junior,Software Company,Development,Communication,Soft Skill,2-3 Years,BSc in ICT,"The candidate will work as a Cybersecurity Analyst, develop solutions using Communication, collaborate with cross-functional teams, maintain code quality, and contribute to software delivery.",Scrum,Full-Time
JOB-134,Cybersecurity Analyst,Junior,Software Company,Networking,Node.js,Web Development,0-1 Years,Equivalent Qualification,"The candidate will work as a Cybersecurity Analyst, develop solutions using Node.js, collaborate with cross-functional teams, maintain code quality, and contribute to software delivery.",Scrum,Full-Time
JOB-135,Network Engineer,Junior,IT Services Company,Cloud,MongoDB,Database,0-1 Years,Diploma in CSE,"The candidate will work as a Network Engineer, develop solutions using MongoDB, collaborate with cross-functional teams, maintain code quality, and contribute to software delivery.",Git,Full-Time
JOB-136,Backend Developer,Junior,Enterprise,Cloud,MongoDB,Database,1-2 Years,Diploma in CSE,"The candidate will work as a Backend Developer, develop solutions using MongoDB, collaborate with cross-functional teams, maintain code quality, and contribute to software delivery.",Communication,Contract
JOB-137,Cybersecurity Analyst,Mid,Startup,QA,REST API,Web Development,2-3 Years,Equivalent Qualification,"The candidate will work as a Cybersecurity Analyst, develop solutions using REST API, collaborate with cross-functional teams, maintain code quality, and contribute to software delivery.",Communication,Contract
JOB-138,IT Support Engineer,Mid,IT Services Company,Networking,Java,Programming,2-3 Years,Diploma in CSE,"The candidate will work as a IT Support Engineer, develop solutions using Java, collaborate with cross-functional teams, maintain code quality, and contribute to software delivery.",CI/CD,Full-Time
JOB-139,Network Engineer,Entry,Outsourcing Firm,Networking,AWS,Cloud,1-2 Years,Equivalent Qualification,"The candidate will work as a Network Engineer, develop solutions using AWS, collaborate with cross-functional teams, maintain code quality, and contribute to software delivery.",AWS,Contract
JOB-140,Cloud Engineer,Entry,Software Company,DevOps,Cybersecurity,Cybersecurity,2-3 Years,BSc in CSE,"The candidate will work as a Cloud Engineer, develop solutions using Cybersecurity, collaborate with cross-functional teams, maintain code quality, and contribute to software delivery.",Communication,Internship
JOB-141,Junior Software Engineer,Mid,IT Services Company,Cybersecurity,Cybersecurity,Cybersecurity,0-1 Years,Equivalent Qualification,"The candidate will work as a Junior Software Engineer, develop solutions using Cybersecurity, collaborate with cross-functional teams, maintain code quality, and contribute to software delivery.",Kubernetes,Internship
JOB-142,Backend Developer,Mid,Enterprise,Development,JavaScript,Programming,1-2 Years,BSc in ICT,"The candidate will work as a Backend Developer, develop solutions using JavaScript, collaborate with cross-functional teams, maintain code quality, and contribute to software delivery.",Scrum,Internship
JOB-143,Software Engineer,Junior,Outsourcing Firm,DevOps,Node.js,Web Development,1-2 Years,BSc in ICT,"The candidate will work as a Software Engineer, develop solutions using Node.js, collaborate with cross-functional teams, maintain code quality, and contribute to software delivery.",Kubernetes,Full-Time
JOB-144,QA Engineer,Mid,Software Company,Development,SQL,Database,0-1 Years,Diploma in CSE,"The candidate will work as a QA Engineer, develop solutions using SQL, collaborate with cross-functional teams, maintain code quality, and contribute to software delivery.",Docker,Full-Time
JOB-145,IT Support Engineer,Entry,IT Services Company,Support,Git,Version Control,0-1 Years,BSc in ICT,"The candidate will work as a IT Support Engineer, develop solutions using Git, collaborate with cross-functional teams, maintain code quality, and contribute to software delivery.",Azure,Full-Time
JOB-146,Network Engineer,Mid,Enterprise,Cloud,Python,Programming,1-2 Years,Equivalent Qualification,"The candidate will work as a Network Engineer, develop solutions using Python, collaborate with cross-functional teams, maintain code quality, and contribute to software delivery.",Scrum,Full-Time
JOB-147,Database Engineer,Junior,Enterprise,QA,MongoDB,Database,0-1 Years,BSc in ICT,"The candidate will work as a Database Engineer, develop solutions using MongoDB, collaborate with cross-functional teams, maintain code quality, and contribute to software delivery.",Git,Contract
JOB-148,Cloud Engineer,Mid,Enterprise,Support,Linux,Operating System,2-3 Years,Equivalent Qualification,"The candidate will work as a Cloud Engineer, develop solutions using Linux, collaborate with cross-functional teams, maintain code quality, and contribute to software delivery.",Kubernetes,Full-Time
JOB-149,Database Engineer,Mid,Startup,Networking,MySQL,Database,2-3 Years,Diploma in CSE,"The candidate will work as a Database Engineer, develop solutions using MySQL, collaborate with cross-functional teams, maintain code quality, and contribute to software delivery.",AWS,Full-Time
JOB-150,Backend Developer,Mid,Software Company,Cloud,SQL,Database,0-1 Years,Equivalent Qualification,"The candidate will work as a Backend Developer, develop solutions using SQL, collaborate with cross-functional teams, maintain code quality, and contribute to software delivery.",Git,Full-Time
JOB-151,Cloud Engineer,Junior,Outsourcing Firm,Database,REST API,Web Development,2-3 Years,BSc in ICT,"The candidate will work as a Cloud Engineer, develop solutions using REST API, collaborate with cross-functional teams, maintain code quality, and contribute to software delivery.",Scrum,Contract
JOB-152,Software Engineer,Junior,Startup,QA,MongoDB,Database,1-2 Years,BSc in ICT,"The candidate will work as a Software Engineer, develop solutions using MongoDB, collaborate with cross-functional teams, maintain code quality, and contribute to software delivery.",Leadership,Internship
JOB-153,Backend Developer,Entry,Startup,DevOps,Cybersecurity,Cybersecurity,2-3 Years,BSc in ICT,"The candidate will work as a Backend Developer, develop solutions using Cybersecurity, collaborate with cross-functional teams, maintain code quality, and contribute to software delivery.",AWS,Internship
JOB-154,Junior Software Engineer,Mid,Software Company,Development,Jenkins,DevOps,0-1 Years,Equivalent Qualification,"The candidate will work as a Junior Software Engineer, develop solutions using Jenkins, collaborate with cross-functional teams, maintain code quality, and contribute to software delivery.",Git,Internship
JOB-155,Backend Developer,Junior,Outsourcing Firm,Database,REST API,Web Development,2-3 Years,BSc in CSE,"The candidate will work as a Backend Developer, develop solutions using REST API, collaborate with cross-functional teams, maintain code quality, and contribute to software delivery.",Leadership,Contract
JOB-156,Cloud Engineer,Mid,Outsourcing Firm,Development,JavaScript,Programming,0-1 Years,BSc in ICT,"The candidate will work as a Cloud Engineer, develop solutions using JavaScript, collaborate with cross-functional teams, maintain code quality, and contribute to software delivery.",Leadership,Full-Time
JOB-157,IT Support Engineer,Mid,IT Services Company,DevOps,MongoDB,Database,1-2 Years,Diploma in CSE,"The candidate will work as a IT Support Engineer, develop solutions using MongoDB, collaborate with cross-functional teams, maintain code quality, and contribute to software delivery.",Kubernetes,Internship
JOB-158,IT Support Engineer,Junior,Outsourcing Firm,QA,SQL,Database,2-3 Years,BSc in ICT,"The candidate will work as a IT Support Engineer, develop solutions using SQL, collaborate with cross-functional teams, maintain code quality, and contribute to software delivery.",Communication,Internship
JOB-159,Cloud Engineer,Entry,Software Company,Cybersecurity,Networking,Networking,1-2 Years,Diploma in CSE,"The candidate will work as a Cloud Engineer, develop solutions using Networking, collaborate with cross-functional teams, maintain code quality, and contribute to software delivery.",Docker,Full-Time
JOB-160,Backend Developer,Mid,Startup,Development,JavaScript,Programming,1-2 Years,Equivalent Qualification,"The candidate will work as a Backend Developer, develop solutions using JavaScript, collaborate with cross-functional teams, maintain code quality, and contribute to software delivery.",Docker,Contract
JOB-161,Database Engineer,Junior,IT Services Company,Support,JavaScript,Programming,2-3 Years,Diploma in CSE,"The candidate will work as a Database Engineer, develop solutions using JavaScript, collaborate with cross-functional teams, maintain code quality, and contribute to software delivery.",Agile,Internship
JOB-162,QA Engineer,Junior,IT Services Company,DevOps,Node.js,Web Development,2-3 Years,BSc in ICT,"The candidate will work as a QA Engineer, develop solutions using Node.js, collaborate with cross-functional teams, maintain code quality, and contribute to software delivery.",AWS,Internship
JOB-163,Cybersecurity Analyst,Entry,Enterprise,Networking,Java,Programming,2-3 Years,Equivalent Qualification,"The candidate will work as a Cybersecurity Analyst, develop solutions using Java, collaborate with cross-functional teams, maintain code quality, and contribute to software delivery.",Scrum,Full-Time
JOB-164,Junior Software Engineer,Junior,Enterprise,Development,Node.js,Web Development,2-3 Years,BSc in CSE,"The candidate will work as a Junior Software Engineer, develop solutions using Node.js, collaborate with cross-functional teams, maintain code quality, and contribute to software delivery.",CI/CD,Contract
JOB-165,IT Support Engineer,Junior,Software Company,QA,Communication,Soft Skill,0-1 Years,Diploma in CSE,"The candidate will work as a IT Support Engineer, develop solutions using Communication, collaborate with cross-functional teams, maintain code quality, and contribute to software delivery.",Git,Internship
JOB-166,Cybersecurity Analyst,Junior,Outsourcing Firm,QA,Cybersecurity,Cybersecurity,2-3 Years,Equivalent Qualification,"The candidate will work as a Cybersecurity Analyst, develop solutions using Cybersecurity, collaborate with cross-functional teams, maintain code quality, and contribute to software delivery.",Kubernetes,Contract
JOB-167,Junior Software Engineer,Entry,Startup,Cloud,JavaScript,Programming,1-2 Years,BSc in ICT,"The candidate will work as a Junior Software Engineer, develop solutions using JavaScript, collaborate with cross-functional teams, maintain code quality, and contribute to software delivery.",Scrum,Full-Time
JOB-168,Backend Developer,Entry,Enterprise,QA,Problem Solving,Soft Skill,0-1 Years,BSc in CSE,"The candidate will work as a Backend Developer, develop solutions using Problem Solving, collaborate with cross-functional teams, maintain code quality, and contribute to software delivery.",Leadership,Internship
JOB-169,Cybersecurity Analyst,Entry,IT Services Company,DevOps,SQL,Database,1-2 Years,BSc in ICT,"The candidate will work as a Cybersecurity Analyst, develop solutions using SQL, collaborate with cross-functional teams, maintain code quality, and contribute to software delivery.",Agile,Full-Time
JOB-170,Network Engineer,Junior,Startup,Database,SQL,Database,2-3 Years,Equivalent Qualification,"The candidate will work as a Network Engineer, develop solutions using SQL, collaborate with cross-functional teams, maintain code quality, and contribute to software delivery.",Scrum,Full-Time
JOB-171,Junior Software Engineer,Mid,Enterprise,Database,Jenkins,DevOps,1-2 Years,BSc in CSE,"The candidate will work as a Junior Software Engineer, develop solutions using Jenkins, collaborate with cross-functional teams, maintain code quality, and contribute to software delivery.",Scrum,Full-Time
JOB-172,Cybersecurity Analyst,Mid,IT Services Company,Networking,MySQL,Database,2-3 Years,BSc in CSE,"The candidate will work as a Cybersecurity Analyst, develop solutions using MySQL, collaborate with cross-functional teams, maintain code quality, and contribute to software delivery.",Kubernetes,Contract
JOB-173,Cybersecurity Analyst,Mid,Enterprise,Networking,MySQL,Database,2-3 Years,Equivalent Qualification,"The candidate will work as a Cybersecurity Analyst, develop solutions using MySQL, collaborate with cross-functional teams, maintain code quality, and contribute to software delivery.",Agile,Contract
JOB-174,DevOps Engineer,Entry,Enterprise,Cloud,Selenium,Testing,2-3 Years,BSc in ICT,"The candidate will work as a DevOps Engineer, develop solutions using Selenium, collaborate with cross-functional teams, maintain code quality, and contribute to software delivery.",Agile,Internship
JOB-175,Cloud Engineer,Junior,Outsourcing Firm,Cybersecurity,Cybersecurity,Cybersecurity,0-1 Years,BSc in ICT,"The candidate will work as a Cloud Engineer, develop solutions using Cybersecurity, collaborate with cross-functional teams, maintain code quality, and contribute to software delivery.",Agile,Internship
JOB-176,Frontend Developer,Junior,IT Services Company,Database,React,Web Development,1-2 Years,Equivalent Qualification,"The candidate will work as a Frontend Developer, develop solutions using React, collaborate with cross-functional teams, maintain code quality, and contribute to software delivery.",Docker,Full-Time
JOB-177,Network Engineer,Mid,IT Services Company,Cybersecurity,Cybersecurity,Cybersecurity,1-2 Years,BSc in CSE,"The candidate will work as a Network Engineer, develop solutions using Cybersecurity, collaborate with cross-functional teams, maintain code quality, and contribute to software delivery.",CI/CD,Contract
JOB-178,Backend Developer,Entry,Outsourcing Firm,QA,REST API,Web Development,0-1 Years,BSc in ICT,"The candidate will work as a Backend Developer, develop solutions using REST API, collaborate with cross-functional teams, maintain code quality, and contribute to software delivery.",CI/CD,Full-Time
JOB-179,Cybersecurity Analyst,Mid,Enterprise,Database,MongoDB,Database,2-3 Years,Equivalent Qualification,"The candidate will work as a Cybersecurity Analyst, develop solutions using MongoDB, collaborate with cross-functional teams, maintain code quality, and contribute to software delivery.",Kubernetes,Full-Time
JOB-180,DevOps Engineer,Mid,Enterprise,Networking,JavaScript,Programming,0-1 Years,Diploma in CSE,"The candidate will work as a DevOps Engineer, develop solutions using JavaScript, collaborate with cross-functional teams, maintain code quality, and contribute to software delivery.",CI/CD,Full-Time
JOB-181,Software Engineer,Mid,Outsourcing Firm,Networking,MySQL,Database,1-2 Years,Equivalent Qualification,"The candidate will work as a Software Engineer, develop solutions using MySQL, collaborate with cross-functional teams, maintain code quality, and contribute to software delivery.",Git,Internship
JOB-182,Database Engineer,Mid,Outsourcing Firm,Support,React,Web Development,0-1 Years,BSc in ICT,"The candidate will work as a Database Engineer, develop solutions using React, collaborate with cross-functional teams, maintain code quality, and contribute to software delivery.",Agile,Contract
JOB-183,IT Support Engineer,Junior,Outsourcing Firm,Cybersecurity,Git,Version Control,0-1 Years,BSc in ICT,"The candidate will work as a IT Support Engineer, develop solutions using Git, collaborate with cross-functional teams, maintain code quality, and contribute to software delivery.",Leadership,Internship
JOB-184,QA Engineer,Junior,Outsourcing Firm,DevOps,Teamwork,Soft Skill,0-1 Years,Diploma in CSE,"The candidate will work as a QA Engineer, develop solutions using Teamwork, collaborate with cross-functional teams, maintain code quality, and contribute to software delivery.",Communication,Internship
JOB-185,Frontend Developer,Junior,IT Services Company,Networking,Docker,DevOps,0-1 Years,Equivalent Qualification,"The candidate will work as a Frontend Developer, develop solutions using Docker, collaborate with cross-functional teams, maintain code quality, and contribute to software delivery.",Leadership,Internship
JOB-186,Cybersecurity Analyst,Entry,Enterprise,Support,Java,Programming,0-1 Years,Equivalent Qualification,"The candidate will work as a Cybersecurity Analyst, develop solutions using Java, collaborate with cross-functional teams, maintain code quality, and contribute to software delivery.",CI/CD,Full-Time
JOB-187,QA Engineer,Junior,Outsourcing Firm,DevOps,Jenkins,DevOps,0-1 Years,Diploma in CSE,"The candidate will work as a QA Engineer, develop solutions using Jenkins, collaborate with cross-functional teams, maintain code quality, and contribute to software delivery.",Agile,Full-Time
JOB-188,Cloud Engineer,Entry,Outsourcing Firm,Database,AWS,Cloud,1-2 Years,Equivalent Qualification,"The candidate will work as a Cloud Engineer, develop solutions using AWS, collaborate with cross-functional teams, maintain code quality, and contribute to software delivery.",Agile,Full-Time
JOB-189,Backend Developer,Mid,Startup,Development,Linux,Operating System,1-2 Years,BSc in CSE,"The candidate will work as a Backend Developer, develop solutions using Linux, collaborate with cross-functional teams, maintain code quality, and contribute to software delivery.",Scrum,Internship
JOB-190,Software Engineer,Entry,Software Company,Development,Docker,DevOps,0-1 Years,BSc in CSE,"The candidate will work as a Software Engineer, develop solutions using Docker, collaborate with cross-functional teams, maintain code quality, and contribute to software delivery.",Leadership,Contract
JOB-191,Software Engineer,Entry,IT Services Company,Development,JavaScript,Programming,0-1 Years,BSc in CSE,"The candidate will work as a Software Engineer, develop solutions using JavaScript, collaborate with cross-functional teams, maintain code quality, and contribute to software delivery.",Docker,Contract
JOB-192,QA Engineer,Junior,Startup,Database,Java,Programming,0-1 Years,Diploma in CSE,"The candidate will work as a QA Engineer, develop solutions using Java, collaborate with cross-functional teams, maintain code quality, and contribute to software delivery.",Scrum,Contract
JOB-193,Network Engineer,Junior,Startup,Cybersecurity,Selenium,Testing,0-1 Years,Diploma in CSE,"The candidate will work as a Network Engineer, develop solutions using Selenium, collaborate with cross-functional teams, maintain code quality, and contribute to software delivery.",Kubernetes,Contract
JOB-194,Full Stack Developer,Mid,Enterprise,Development,Selenium,Testing,1-2 Years,Diploma in CSE,"The candidate will work as a Full Stack Developer, develop solutions using Selenium, collaborate with cross-functional teams, maintain code quality, and contribute to software delivery.",Leadership,Internship
JOB-195,Cybersecurity Analyst,Entry,Startup,Database,Networking,Networking,0-1 Years,Equivalent Qualification,"The candidate will work as a Cybersecurity Analyst, develop solutions using Networking, collaborate with cross-functional teams, maintain code quality, and contribute to software delivery.",Docker,Internship
JOB-196,Frontend Developer,Entry,Enterprise,QA,Networking,Networking,1-2 Years,BSc in ICT,"The candidate will work as a Frontend Developer, develop solutions using Networking, collaborate with cross-functional teams, maintain code quality, and contribute to software delivery.",AWS,Contract
JOB-197,Frontend Developer,Mid,IT Services Company,Support,MongoDB,Database,2-3 Years,BSc in ICT,"The candidate will work as a Frontend Developer, develop solutions using MongoDB, collaborate with cross-functional teams, maintain code quality, and contribute to software delivery.",Agile,Full-Time
JOB-198,Cloud Engineer,Junior,Software Company,Networking,React,Web Development,0-1 Years,BSc in ICT,"The candidate will work as a Cloud Engineer, develop solutions using React, collaborate with cross-functional teams, maintain code quality, and contribute to software delivery.",AWS,Internship
JOB-199,DevOps Engineer,Entry,Software Company,Development,Cybersecurity,Cybersecurity,2-3 Years,BSc in CSE,"The candidate will work as a DevOps Engineer, develop solutions using Cybersecurity, collaborate with cross-functional teams, maintain code quality, and contribute to software delivery.",Scrum,Contract
JOB-200,QA Engineer,Entry,Outsourcing Firm,Support,Problem Solving,Soft Skill,0-1 Years,BSc in CSE,"The candidate will work as a QA Engineer, develop solutions using Problem Solving, collaborate with cross-functional teams, maintain code quality, and contribute to software delivery.",Kubernetes,Contract
JOB-201,DevOps Engineer,Entry,IT Services Company,Cloud,Networking,Networking,0-1 Years,Equivalent Qualification,"The candidate will work as a DevOps Engineer, develop solutions using Networking, collaborate with cross-functional teams, maintain code quality, and contribute to software delivery.",Kubernetes,Full-Time
JOB-202,Network Engineer,Junior,Software Company,Support,React,Web Development,0-1 Years,BSc in CSE,"The candidate will work as a Network Engineer, develop solutions using React, collaborate with cross-functional teams, maintain code quality, and contribute to software delivery.",Git,Full-Time
JOB-203,Backend Developer,Mid,Outsourcing Firm,Cloud,Node.js,Web Development,1-2 Years,Equivalent Qualification,"The candidate will work as a Backend Developer, develop solutions using Node.js, collaborate with cross-functional teams, maintain code quality, and contribute to software delivery.",Git,Internship
JOB-204,Junior Software Engineer,Mid,IT Services Company,Cybersecurity,Problem Solving,Soft Skill,1-2 Years,Equivalent Qualification,"The candidate will work as a Junior Software Engineer, develop solutions using Problem Solving, collaborate with cross-functional teams, maintain code quality, and contribute to software delivery.",Kubernetes,Contract
JOB-205,QA Engineer,Junior,Software Company,Cybersecurity,JavaScript,Programming,0-1 Years,BSc in CSE,"The candidate will work as a QA Engineer, develop solutions using JavaScript, collaborate with cross-functional teams, maintain code quality, and contribute to software delivery.",Git,Internship
JOB-206,Network Engineer,Mid,Enterprise,QA,AWS,Cloud,2-3 Years,Equivalent Qualification,"The candidate will work as a Network Engineer, develop solutions using AWS, collaborate with cross-functional teams, maintain code quality, and contribute to software delivery.",Kubernetes,Internship
JOB-207,Full Stack Developer,Junior,Outsourcing Firm,Cybersecurity,Networking,Networking,0-1 Years,BSc in ICT,"The candidate will work as a Full Stack Developer, develop solutions using Networking, collaborate with cross-functional teams, maintain code quality, and contribute to software delivery.",Agile,Contract
JOB-208,Full Stack Developer,Mid,Outsourcing Firm,DevOps,Python,Programming,0-1 Years,Equivalent Qualification,"The candidate will work as a Full Stack Developer, develop solutions using Python, collaborate with cross-functional teams, maintain code quality, and contribute to software delivery.",Azure,Internship
JOB-209,Junior Software Engineer,Entry,IT Services Company,Cybersecurity,Cybersecurity,Cybersecurity,1-2 Years,BSc in ICT,"The candidate will work as a Junior Software Engineer, develop solutions using Cybersecurity, collaborate with cross-functional teams, maintain code quality, and contribute to software delivery.",Leadership,Full-Time
JOB-210,Junior Software Engineer,Junior,Enterprise,Cloud,AWS,Cloud,2-3 Years,BSc in ICT,"The candidate will work as a Junior Software Engineer, develop solutions using AWS, collaborate with cross-functional teams, maintain code quality, and contribute to software delivery.",CI/CD,Contract
JOB-211,Junior Software Engineer,Junior,Enterprise,Support,Python,Programming,0-1 Years,Diploma in CSE,"The candidate will work as a Junior Software Engineer, develop solutions using Python, collaborate with cross-functional teams, maintain code quality, and contribute to software delivery.",Communication,Internship
JOB-212,Junior Software Engineer,Entry,Startup,DevOps,Git,Version Control,0-1 Years,BSc in ICT,"The candidate will work as a Junior Software Engineer, develop solutions using Git, collaborate with cross-functional teams, maintain code quality, and contribute to software delivery.",Scrum,Contract
JOB-213,Network Engineer,Entry,Software Company,Cybersecurity,Selenium,Testing,2-3 Years,Equivalent Qualification,"The candidate will work as a Network Engineer, develop solutions using Selenium, collaborate with cross-functional teams, maintain code quality, and contribute to software delivery.",Docker,Full-Time
JOB-214,Cybersecurity Analyst,Entry,Software Company,Support,MongoDB,Database,0-1 Years,Diploma in CSE,"The candidate will work as a Cybersecurity Analyst, develop solutions using MongoDB, collaborate with cross-functional teams, maintain code quality, and contribute to software delivery.",Git,Full-Time
JOB-215,Backend Developer,Junior,IT Services Company,Cybersecurity,AWS,Cloud,0-1 Years,Equivalent Qualification,"The candidate will work as a Backend Developer, develop solutions using AWS, collaborate with cross-functional teams, maintain code quality, and contribute to software delivery.",Scrum,Internship
JOB-216,Backend Developer,Mid,IT Services Company,Cybersecurity,Python,Programming,0-1 Years,Diploma in CSE,"The candidate will work as a Backend Developer, develop solutions using Python, collaborate with cross-functional teams, maintain code quality, and contribute to software delivery.",Docker,Internship
JOB-217,QA Engineer,Mid,Startup,Database,Cybersecurity,Cybersecurity,2-3 Years,BSc in ICT,"The candidate will work as a QA Engineer, develop solutions using Cybersecurity, collaborate with cross-functional teams, maintain code quality, and contribute to software delivery.",Kubernetes,Full-Time
JOB-218,Network Engineer,Junior,IT Services Company,Cloud,Python,Programming,1-2 Years,BSc in CSE,"The candidate will work as a Network Engineer, develop solutions using Python, collaborate with cross-functional teams, maintain code quality, and contribute to software delivery.",Agile,Contract
JOB-219,Full Stack Developer,Junior,Software Company,QA,Java,Programming,1-2 Years,Equivalent Qualification,"The candidate will work as a Full Stack Developer, develop solutions using Java, collaborate with cross-functional teams, maintain code quality, and contribute to software delivery.",CI/CD,Full-Time
JOB-220,Database Engineer,Mid,Outsourcing Firm,Cybersecurity,SQL,Database,2-3 Years,Equivalent Qualification,"The candidate will work as a Database Engineer, develop solutions using SQL, collaborate with cross-functional teams, maintain code quality, and contribute to software delivery.",AWS,Contract
JOB-221,QA Engineer,Junior,Enterprise,DevOps,Docker,DevOps,1-2 Years,Diploma in CSE,"The candidate will work as a QA Engineer, develop solutions using Docker, collaborate with cross-functional teams, maintain code quality, and contribute to software delivery.",Agile,Contract
JOB-222,Software Engineer,Junior,Software Company,Cloud,React,Web Development,0-1 Years,Diploma in CSE,"The candidate will work as a Software Engineer, develop solutions using React, collaborate with cross-functional teams, maintain code quality, and contribute to software delivery.",CI/CD,Internship
JOB-223,Software Engineer,Entry,Outsourcing Firm,DevOps,Docker,DevOps,2-3 Years,Equivalent Qualification,"The candidate will work as a Software Engineer, develop solutions using Docker, collaborate with cross-functional teams, maintain code quality, and contribute to software delivery.",CI/CD,Contract
JOB-224,Software Engineer,Mid,IT Services Company,Development,MongoDB,Database,2-3 Years,Diploma in CSE,"The candidate will work as a Software Engineer, develop solutions using MongoDB, collaborate with cross-functional teams, maintain code quality, and contribute to software delivery.",Azure,Contract
JOB-225,Software Engineer,Junior,Enterprise,Cybersecurity,MongoDB,Database,2-3 Years,BSc in ICT,"The candidate will work as a Software Engineer, develop solutions using MongoDB, collaborate with cross-functional teams, maintain code quality, and contribute to software delivery.",CI/CD,Full-Time
JOB-226,QA Engineer,Mid,Software Company,Cybersecurity,MongoDB,Database,0-1 Years,BSc in ICT,"The candidate will work as a QA Engineer, develop solutions using MongoDB, collaborate with cross-functional teams, maintain code quality, and contribute to software delivery.",Git,Internship
JOB-227,Database Engineer,Entry,Enterprise,Cloud,REST API,Web Development,2-3 Years,BSc in ICT,"The candidate will work as a Database Engineer, develop solutions using REST API, collaborate with cross-functional teams, maintain code quality, and contribute to software delivery.",Leadership,Contract
JOB-228,Network Engineer,Junior,IT Services Company,Support,Cybersecurity,Cybersecurity,1-2 Years,Diploma in CSE,"The candidate will work as a Network Engineer, develop solutions using Cybersecurity, collaborate with cross-functional teams, maintain code quality, and contribute to software delivery.",Kubernetes,Contract
JOB-229,Cybersecurity Analyst,Mid,Enterprise,DevOps,Java,Programming,2-3 Years,Diploma in CSE,"The candidate will work as a Cybersecurity Analyst, develop solutions using Java, collaborate with cross-functional teams, maintain code quality, and contribute to software delivery.",Docker,Full-Time
JOB-230,DevOps Engineer,Mid,Startup,Development,AWS,Cloud,1-2 Years,Diploma in CSE,"The candidate will work as a DevOps Engineer, develop solutions using AWS, collaborate with cross-functional teams, maintain code quality, and contribute to software delivery.",CI/CD,Contract
JOB-231,Junior Software Engineer,Mid,Startup,Networking,Teamwork,Soft Skill,2-3 Years,Equivalent Qualification,"The candidate will work as a Junior Software Engineer, develop solutions using Teamwork, collaborate with cross-functional teams, maintain code quality, and contribute to software delivery.",AWS,Contract
JOB-232,Software Engineer,Entry,Software Company,Development,Docker,DevOps,0-1 Years,Diploma in CSE,"The candidate will work as a Software Engineer, develop solutions using Docker, collaborate with cross-functional teams, maintain code quality, and contribute to software delivery.",Git,Full-Time
JOB-233,Cloud Engineer,Junior,Startup,Networking,Selenium,Testing,0-1 Years,Diploma in CSE,"The candidate will work as a Cloud Engineer, develop solutions using Selenium, collaborate with cross-functional teams, maintain code quality, and contribute to software delivery.",Azure,Internship
JOB-234,Junior Software Engineer,Entry,Outsourcing Firm,Support,Cybersecurity,Cybersecurity,0-1 Years,Diploma in CSE,"The candidate will work as a Junior Software Engineer, develop solutions using Cybersecurity, collaborate with cross-functional teams, maintain code quality, and contribute to software delivery.",Docker,Contract
JOB-235,Cloud Engineer,Junior,Software Company,Development,Communication,Soft Skill,0-1 Years,Diploma in CSE,"The candidate will work as a Cloud Engineer, develop solutions using Communication, collaborate with cross-functional teams, maintain code quality, and contribute to software delivery.",Leadership,Full-Time
JOB-236,Backend Developer,Entry,Outsourcing Firm,DevOps,Communication,Soft Skill,0-1 Years,Equivalent Qualification,"The candidate will work as a Backend Developer, develop solutions using Communication, collaborate with cross-functional teams, maintain code quality, and contribute to software delivery.",Git,Contract
JOB-237,Frontend Developer,Entry,Enterprise,Cybersecurity,Cybersecurity,Cybersecurity,2-3 Years,BSc in ICT,"The candidate will work as a Frontend Developer, develop solutions using Cybersecurity, collaborate with cross-functional teams, maintain code quality, and contribute to software delivery.",Leadership,Internship
JOB-238,Backend Developer,Junior,IT Services Company,DevOps,MySQL,Database,2-3 Years,BSc in CSE,"The candidate will work as a Backend Developer, develop solutions using MySQL, collaborate with cross-functional teams, maintain code quality, and contribute to software delivery.",Communication,Internship
JOB-239,Frontend Developer,Junior,IT Services Company,Networking,Node.js,Web Development,1-2 Years,Diploma in CSE,"The candidate will work as a Frontend Developer, develop solutions using Node.js, collaborate with cross-functional teams, maintain code quality, and contribute to software delivery.",Scrum,Internship
JOB-240,Cybersecurity Analyst,Entry,Software Company,Cloud,Teamwork,Soft Skill,0-1 Years,BSc in CSE,"The candidate will work as a Cybersecurity Analyst, develop solutions using Teamwork, collaborate with cross-functional teams, maintain code quality, and contribute to software delivery.",AWS,Contract
JOB-241,QA Engineer,Junior,IT Services Company,Development,Python,Programming,1-2 Years,BSc in CSE,"The candidate will work as a QA Engineer, develop solutions using Python, collaborate with cross-functional teams, maintain code quality, and contribute to software delivery.",Docker,Contract
JOB-242,DevOps Engineer,Mid,Startup,DevOps,REST API,Web Development,0-1 Years,Diploma in CSE,"The candidate will work as a DevOps Engineer, develop solutions using REST API, collaborate with cross-functional teams, maintain code quality, and contribute to software delivery.",Agile,Contract
JOB-243,Cloud Engineer,Junior,Startup,Support,Git,Version Control,2-3 Years,BSc in ICT,"The candidate will work as a Cloud Engineer, develop solutions using Git, collaborate with cross-functional teams, maintain code quality, and contribute to software delivery.",Git,Full-Time
JOB-244,Frontend Developer,Junior,IT Services Company,Support,Networking,Networking,2-3 Years,BSc in ICT,"The candidate will work as a Frontend Developer, develop solutions using Networking, collaborate with cross-functional teams, maintain code quality, and contribute to software delivery.",AWS,Contract
JOB-245,Junior Software Engineer,Entry,Software Company,Database,Linux,Operating System,2-3 Years,Equivalent Qualification,"The candidate will work as a Junior Software Engineer, develop solutions using Linux, collaborate with cross-functional teams, maintain code quality, and contribute to software delivery.",Kubernetes,Full-Time
JOB-246,Software Engineer,Mid,IT Services Company,Support,JavaScript,Programming,0-1 Years,Diploma in CSE,"The candidate will work as a Software Engineer, develop solutions using JavaScript, collaborate with cross-functional teams, maintain code quality, and contribute to software delivery.",Kubernetes,Contract
JOB-247,Database Engineer,Mid,Startup,Development,Docker,DevOps,1-2 Years,BSc in CSE,"The candidate will work as a Database Engineer, develop solutions using Docker, collaborate with cross-functional teams, maintain code quality, and contribute to software delivery.",Azure,Contract
JOB-248,QA Engineer,Entry,Startup,Support,JavaScript,Programming,0-1 Years,BSc in ICT,"The candidate will work as a QA Engineer, develop solutions using JavaScript, collaborate with cross-functional teams, maintain code quality, and contribute to software delivery.",CI/CD,Full-Time
JOB-249,Frontend Developer,Mid,Outsourcing Firm,Cloud,Node.js,Web Development,1-2 Years,BSc in CSE,"The candidate will work as a Frontend Developer, develop solutions using Node.js, collaborate with cross-functional teams, maintain code quality, and contribute to software delivery.",AWS,Full-Time
JOB-250,Frontend Developer,Junior,Enterprise,Support,Selenium,Testing,2-3 Years,Equivalent Qualification,"The candidate will work as a Frontend Developer, develop solutions using Selenium, collaborate with cross-functional teams, maintain code quality, and contribute to software delivery.",Agile,Full-Time
